,Value,AvgPred,column
0,0.0,0.10661699622869492,ROA(C)_before_interest_and_depreciation_before_interest
1,0.06666666666666667,0.10860858112573624,ROA(C)_before_interest_and_depreciation_before_interest
2,0.13333333333333333,0.10695260763168335,ROA(C)_before_interest_and_depreciation_before_interest
3,0.2,0.10147572308778763,ROA(C)_before_interest_and_depreciation_before_interest
4,0.26666666666666666,0.09209296852350235,ROA(C)_before_interest_and_depreciation_before_interest
5,0.3333333333333333,0.07748828828334808,ROA(C)_before_interest_and_depreciation_before_interest
6,0.4,0.059469204396009445,ROA(C)_before_interest_and_depreciation_before_interest
7,0.4666666666666667,0.04310951009392738,ROA(C)_before_interest_and_depreciation_before_interest
8,0.5333333333333333,0.029403509572148323,ROA(C)_before_interest_and_depreciation_before_interest
9,0.6,0.015721384435892105,ROA(C)_before_interest_and_depreciation_before_interest
10,0.6666666666666666,0.008787248283624649,ROA(C)_before_interest_and_depreciation_before_interest
11,0.7333333333333333,0.005798271391540766,ROA(C)_before_interest_and_depreciation_before_interest
12,0.8,0.0034510535188019276,ROA(C)_before_interest_and_depreciation_before_interest
13,0.8666666666666667,0.0021523437462747097,ROA(C)_before_interest_and_depreciation_before_interest
14,0.9333333333333333,0.0014205691404640675,ROA(C)_before_interest_and_depreciation_before_interest
0,0.0,0.03451404348015785,ROA(A)_before_interest_and_%_after_tax
1,0.06666666666666667,0.03848670423030853,ROA(A)_before_interest_and_%_after_tax
2,0.13333333333333333,0.04193146526813507,ROA(A)_before_interest_and_%_after_tax
3,0.2,0.04469137638807297,ROA(A)_before_interest_and_%_after_tax
4,0.26666666666666666,0.0465489961206913,ROA(A)_before_interest_and_%_after_tax
5,0.3333333333333333,0.04742325097322464,ROA(A)_before_interest_and_%_after_tax
6,0.4,0.04744588956236839,ROA(A)_before_interest_and_%_after_tax
7,0.4666666666666667,0.046926360577344894,ROA(A)_before_interest_and_%_after_tax
8,0.5333333333333333,0.04603857919573784,ROA(A)_before_interest_and_%_after_tax
9,0.6,0.04471738636493683,ROA(A)_before_interest_and_%_after_tax
10,0.6666666666666666,0.04255390539765358,ROA(A)_before_interest_and_%_after_tax
11,0.7333333333333333,0.03966345265507698,ROA(A)_before_interest_and_%_after_tax
12,0.8,0.036563657224178314,ROA(A)_before_interest_and_%_after_tax
13,0.8666666666666667,0.033153314143419266,ROA(A)_before_interest_and_%_after_tax
14,0.9333333333333333,0.0301525816321373,ROA(A)_before_interest_and_%_after_tax
0,0.0,0.14216174185276031,ROA(B)_before_interest_and_depreciation_after_tax
1,0.06666666666666667,0.13643766939640045,ROA(B)_before_interest_and_depreciation_after_tax
2,0.13333333333333333,0.12794607877731323,ROA(B)_before_interest_and_depreciation_after_tax
3,0.2,0.1168297529220581,ROA(B)_before_interest_and_depreciation_after_tax
4,0.26666666666666666,0.10373563319444656,ROA(B)_before_interest_and_depreciation_after_tax
5,0.3333333333333333,0.0881994441151619,ROA(B)_before_interest_and_depreciation_after_tax
6,0.4,0.07058190554380417,ROA(B)_before_interest_and_depreciation_after_tax
7,0.4666666666666667,0.05289057269692421,ROA(B)_before_interest_and_depreciation_after_tax
8,0.5333333333333333,0.0396307110786438,ROA(B)_before_interest_and_depreciation_after_tax
9,0.6,0.027597395703196526,ROA(B)_before_interest_and_depreciation_after_tax
10,0.6666666666666666,0.015701450407505035,ROA(B)_before_interest_and_depreciation_after_tax
11,0.7333333333333333,0.008969452232122421,ROA(B)_before_interest_and_depreciation_after_tax
12,0.8,0.0062196096405386925,ROA(B)_before_interest_and_depreciation_after_tax
13,0.8666666666666667,0.004060490522533655,ROA(B)_before_interest_and_depreciation_after_tax
14,0.9333333333333333,0.002699091099202633,ROA(B)_before_interest_and_depreciation_after_tax
0,0.0,0.000876462203450501,Operating_Gross_Margin
1,0.06666666666666667,0.001564734149724245,Operating_Gross_Margin
2,0.13333333333333333,0.0020440127700567245,Operating_Gross_Margin
3,0.2,0.0036583992186933756,Operating_Gross_Margin
4,0.26666666666666666,0.005386186297982931,Operating_Gross_Margin
5,0.3333333333333333,0.008447239175438881,Operating_Gross_Margin
6,0.4,0.015176240354776382,Operating_Gross_Margin
7,0.4666666666666667,0.02516205422580242,Operating_Gross_Margin
8,0.5333333333333333,0.03973280265927315,Operating_Gross_Margin
9,0.6,0.04550343379378319,Operating_Gross_Margin
10,0.6666666666666666,0.037106797099113464,Operating_Gross_Margin
11,0.7333333333333333,0.01912687160074711,Operating_Gross_Margin
12,0.8,0.007947271689772606,Operating_Gross_Margin
13,0.8666666666666667,0.004333851393312216,Operating_Gross_Margin
14,0.9333333333333333,0.0024535334669053555,Operating_Gross_Margin
0,0.0,0.00029330039978958666,Realized_Sales_Gross_Margin
1,0.06666666666666667,0.00031364071764983237,Realized_Sales_Gross_Margin
2,0.13333333333333333,0.0008264366188086569,Realized_Sales_Gross_Margin
3,0.2,0.0015576612204313278,Realized_Sales_Gross_Margin
4,0.26666666666666666,0.002590093296021223,Realized_Sales_Gross_Margin
5,0.3333333333333333,0.004408994689583778,Realized_Sales_Gross_Margin
6,0.4,0.007666942197829485,Realized_Sales_Gross_Margin
7,0.4666666666666667,0.016374850645661354,Realized_Sales_Gross_Margin
8,0.5333333333333333,0.03302675858139992,Realized_Sales_Gross_Margin
9,0.6,0.04600010812282562,Realized_Sales_Gross_Margin
10,0.6666666666666666,0.03745880722999573,Realized_Sales_Gross_Margin
11,0.7333333333333333,0.017004050314426422,Realized_Sales_Gross_Margin
12,0.8,0.007623478304594755,Realized_Sales_Gross_Margin
13,0.8666666666666667,0.003845911007374525,Realized_Sales_Gross_Margin
14,0.9333333333333333,0.0025568611454218626,Realized_Sales_Gross_Margin
0,0.0,0.0,Operating_Profit_Rate
1,0.06666666666666667,0.0,Operating_Profit_Rate
2,0.13333333333333333,0.0,Operating_Profit_Rate
3,0.2,0.0,Operating_Profit_Rate
4,0.26666666666666666,0.0,Operating_Profit_Rate
5,0.3333333333333333,0.0,Operating_Profit_Rate
6,0.4,0.0,Operating_Profit_Rate
7,0.4666666666666667,0.0,Operating_Profit_Rate
8,0.5333333333333333,0.0,Operating_Profit_Rate
9,0.6,0.0,Operating_Profit_Rate
10,0.6666666666666666,0.0,Operating_Profit_Rate
11,0.7333333333333333,0.0,Operating_Profit_Rate
12,0.8,0.0,Operating_Profit_Rate
13,0.8666666666666667,0.0,Operating_Profit_Rate
14,0.9333333333333333,0.00030591082759201527,Operating_Profit_Rate
0,0.0,0.0,Pre-tax_net_Interest_Rate
1,0.06666666666666667,0.0,Pre-tax_net_Interest_Rate
2,0.13333333333333333,0.0,Pre-tax_net_Interest_Rate
3,0.2,2.0332840717353096e-42,Pre-tax_net_Interest_Rate
4,0.26666666666666666,1.2108209835956809e-18,Pre-tax_net_Interest_Rate
5,0.3333333333333333,0.00014664906484540552,Pre-tax_net_Interest_Rate
6,0.4,0.00014664906484540552,Pre-tax_net_Interest_Rate
7,0.4666666666666667,0.00028816817211918533,Pre-tax_net_Interest_Rate
8,0.5333333333333333,0.0004502602096181363,Pre-tax_net_Interest_Rate
9,0.6,0.0018162460764870048,Pre-tax_net_Interest_Rate
10,0.6666666666666666,0.005907144397497177,Pre-tax_net_Interest_Rate
11,0.7333333333333333,0.018978074193000793,Pre-tax_net_Interest_Rate
12,0.8,0.04515855014324188,Pre-tax_net_Interest_Rate
13,0.8666666666666667,0.004189538303762674,Pre-tax_net_Interest_Rate
14,0.9333333333333333,0.0011515363585203886,Pre-tax_net_Interest_Rate
0,0.0,0.0001397686719428748,After-tax_net_Interest_Rate
1,0.06666666666666667,0.00014664906484540552,After-tax_net_Interest_Rate
2,0.13333333333333333,0.00014664906484540552,After-tax_net_Interest_Rate
3,0.2,0.0001466491085011512,After-tax_net_Interest_Rate
4,0.26666666666666666,0.00020460158702917397,After-tax_net_Interest_Rate
5,0.3333333333333333,0.00043599773198366165,After-tax_net_Interest_Rate
6,0.4,0.0007317981217056513,After-tax_net_Interest_Rate
7,0.4666666666666667,0.001326079829595983,After-tax_net_Interest_Rate
8,0.5333333333333333,0.002999492920935154,After-tax_net_Interest_Rate
9,0.6,0.005870521534234285,After-tax_net_Interest_Rate
10,0.6666666666666666,0.012502248398959637,After-tax_net_Interest_Rate
11,0.7333333333333333,0.030584849417209625,After-tax_net_Interest_Rate
12,0.8,0.04739668220281601,After-tax_net_Interest_Rate
13,0.8666666666666667,0.0057151648215949535,After-tax_net_Interest_Rate
14,0.9333333333333333,0.0012990522664040327,After-tax_net_Interest_Rate
0,0.0,0.0004399472090881318,Non-industry_income_and_expenditure/revenue
1,0.06666666666666667,0.0006062436732463539,Non-industry_income_and_expenditure/revenue
2,0.13333333333333333,0.001528922701254487,Non-industry_income_and_expenditure/revenue
3,0.2,0.005225696600973606,Non-industry_income_and_expenditure/revenue
4,0.26666666666666666,0.03001547046005726,Non-industry_income_and_expenditure/revenue
5,0.3333333333333333,0.010021781548857689,Non-industry_income_and_expenditure/revenue
6,0.4,0.00029425276443362236,Non-industry_income_and_expenditure/revenue
7,0.4666666666666667,0.00014664906484540552,Non-industry_income_and_expenditure/revenue
8,0.5333333333333333,1.5788099064205203e-34,Non-industry_income_and_expenditure/revenue
9,0.6,0.0,Non-industry_income_and_expenditure/revenue
10,0.6666666666666666,0.0,Non-industry_income_and_expenditure/revenue
11,0.7333333333333333,0.0,Non-industry_income_and_expenditure/revenue
12,0.8,0.0,Non-industry_income_and_expenditure/revenue
13,0.8666666666666667,0.0,Non-industry_income_and_expenditure/revenue
14,0.9333333333333333,0.0,Non-industry_income_and_expenditure/revenue
0,0.0,0.1322653591632843,Continuous_interest_rate_(after_tax)
1,0.06666666666666667,0.1451968252658844,Continuous_interest_rate_(after_tax)
2,0.13333333333333333,0.15849806368350983,Continuous_interest_rate_(after_tax)
3,0.2,0.17278426885604858,Continuous_interest_rate_(after_tax)
4,0.26666666666666666,0.18763023614883423,Continuous_interest_rate_(after_tax)
5,0.3333333333333333,0.2039308249950409,Continuous_interest_rate_(after_tax)
6,0.4,0.22027216851711273,Continuous_interest_rate_(after_tax)
7,0.4666666666666667,0.23410339653491974,Continuous_interest_rate_(after_tax)
8,0.5333333333333333,0.24396207928657532,Continuous_interest_rate_(after_tax)
9,0.6,0.2447378933429718,Continuous_interest_rate_(after_tax)
10,0.6666666666666666,0.22632573544979095,Continuous_interest_rate_(after_tax)
11,0.7333333333333333,0.15224464237689972,Continuous_interest_rate_(after_tax)
12,0.8,0.010752443224191666,Continuous_interest_rate_(after_tax)
13,0.8666666666666667,0.00029329812969081104,Continuous_interest_rate_(after_tax)
14,0.9333333333333333,0.00014664906484540552,Continuous_interest_rate_(after_tax)
0,0.0,0.044823113828897476,Operating_Expense_Rate
1,666000000.0,0.04535315930843353,Operating_Expense_Rate
2,1332000000.0,0.045827485620975494,Operating_Expense_Rate
3,1998000000.0,0.04618730768561363,Operating_Expense_Rate
4,2664000000.0,0.04639100655913353,Operating_Expense_Rate
5,3330000000.0,0.04644712805747986,Operating_Expense_Rate
6,3996000000.0,0.04635688289999962,Operating_Expense_Rate
7,4662000000.0,0.04612103849649429,Operating_Expense_Rate
8,5328000000.0,0.0457821823656559,Operating_Expense_Rate
9,5994000000.0,0.04536663368344307,Operating_Expense_Rate
10,6660000000.0,0.044895581901073456,Operating_Expense_Rate
11,7326000000.0,0.04437423124909401,Operating_Expense_Rate
12,7992000000.0,0.043778806924819946,Operating_Expense_Rate
13,8658000000.0,0.043091703206300735,Operating_Expense_Rate
14,9324000000.0,0.04230153560638428,Operating_Expense_Rate
0,0.0,0.04687480628490448,Research_and_development_expense_rate
1,665333333.3333334,0.04778888076543808,Research_and_development_expense_rate
2,1330666666.6666667,0.048226501792669296,Research_and_development_expense_rate
3,1996000000.0,0.04813322424888611,Research_and_development_expense_rate
4,2661333333.3333335,0.04756653308868408,Research_and_development_expense_rate
5,3326666666.666667,0.04662914201617241,Research_and_development_expense_rate
6,3992000000.0,0.04533623531460762,Research_and_development_expense_rate
7,4657333333.333334,0.04373842850327492,Research_and_development_expense_rate
8,5322666666.666667,0.04189898446202278,Research_and_development_expense_rate
9,5988000000.0,0.03984688222408295,Research_and_development_expense_rate
10,6653333333.333334,0.0376453623175621,Research_and_development_expense_rate
11,7318666666.666667,0.03532981127500534,Research_and_development_expense_rate
12,7984000000.0,0.03299473226070404,Research_and_development_expense_rate
13,8649333333.333334,0.03067955933511257,Research_and_development_expense_rate
14,9314666666.666668,0.028361234813928604,Research_and_development_expense_rate
0,0.0,0.00044212175998836756,Cash_flow_rate
1,0.06666666666666667,0.0009795380756258965,Cash_flow_rate
2,0.13333333333333333,0.0020910659804940224,Cash_flow_rate
3,0.2,0.0033771099988371134,Cash_flow_rate
4,0.26666666666666666,0.0069740028120577335,Cash_flow_rate
5,0.3333333333333333,0.017231887206435204,Cash_flow_rate
6,0.4,0.04143581911921501,Cash_flow_rate
7,0.4666666666666667,0.044232964515686035,Cash_flow_rate
8,0.5333333333333333,0.013396915048360825,Cash_flow_rate
9,0.6,0.004569302313029766,Cash_flow_rate
10,0.6666666666666666,0.002193181775510311,Cash_flow_rate
11,0.7333333333333333,0.000489458441734314,Cash_flow_rate
12,0.8,0.0002932982170023024,Cash_flow_rate
13,0.8666666666666667,0.00014664906484540552,Cash_flow_rate
14,0.9333333333333333,0.00014664906484540552,Cash_flow_rate
0,0.0,0.045459434390068054,Interest-bearing_debt_interest_rate
1,66000000.0,0.040344346314668655,Interest-bearing_debt_interest_rate
2,132000000.0,0.034788358956575394,Interest-bearing_debt_interest_rate
3,198000000.0,0.028498338535428047,Interest-bearing_debt_interest_rate
4,264000000.0,0.023126130923628807,Interest-bearing_debt_interest_rate
5,330000000.0,0.01837954670190811,Interest-bearing_debt_interest_rate
6,396000000.0,0.014889995567500591,Interest-bearing_debt_interest_rate
7,462000000.0,0.012490262277424335,Interest-bearing_debt_interest_rate
8,528000000.0,0.010554754175245762,Interest-bearing_debt_interest_rate
9,594000000.0,0.00806147325783968,Interest-bearing_debt_interest_rate
10,660000000.0,0.006030266173183918,Interest-bearing_debt_interest_rate
11,726000000.0,0.00513529172167182,Interest-bearing_debt_interest_rate
12,792000000.0,0.004092095885425806,Interest-bearing_debt_interest_rate
13,858000000.0,0.003382560797035694,Interest-bearing_debt_interest_rate
14,924000000.0,0.002356709213927388,Interest-bearing_debt_interest_rate
0,0.0,0.04492540284991264,Tax_rate_(A)
1,0.06666666666666667,0.04832414537668228,Tax_rate_(A)
2,0.13333333333333333,0.049691736698150635,Tax_rate_(A)
3,0.2,0.0486191064119339,Tax_rate_(A)
4,0.26666666666666666,0.0455794520676136,Tax_rate_(A)
5,0.3333333333333333,0.040872350335121155,Tax_rate_(A)
6,0.4,0.03588287904858589,Tax_rate_(A)
7,0.4666666666666667,0.03092009387910366,Tax_rate_(A)
8,0.5333333333333333,0.026259521022439003,Tax_rate_(A)
9,0.6,0.021657263860106468,Tax_rate_(A)
10,0.6666666666666666,0.017507458105683327,Tax_rate_(A)
11,0.7333333333333333,0.014470472000539303,Tax_rate_(A)
12,0.8,0.012148882262408733,Tax_rate_(A)
13,0.8666666666666667,0.010202394798398018,Tax_rate_(A)
14,0.9333333333333333,0.008703961968421936,Tax_rate_(A)
0,0.0,0.01713939569890499,Net_Value_Per_Share_(B)
1,0.06666666666666667,0.030647307634353638,Net_Value_Per_Share_(B)
2,0.13333333333333333,0.04370494186878204,Net_Value_Per_Share_(B)
3,0.2,0.04544194042682648,Net_Value_Per_Share_(B)
4,0.26666666666666666,0.035910021513700485,Net_Value_Per_Share_(B)
5,0.3333333333333333,0.021339846774935722,Net_Value_Per_Share_(B)
6,0.4,0.010961522348225117,Net_Value_Per_Share_(B)
7,0.4666666666666667,0.006190153304487467,Net_Value_Per_Share_(B)
8,0.5333333333333333,0.0040282197296619415,Net_Value_Per_Share_(B)
9,0.6,0.00285279075615108,Net_Value_Per_Share_(B)
10,0.6666666666666666,0.00227782828733325,Net_Value_Per_Share_(B)
11,0.7333333333333333,0.0012766121653839946,Net_Value_Per_Share_(B)
12,0.8,0.0008900854736566544,Net_Value_Per_Share_(B)
13,0.8666666666666667,0.0004873927973676473,Net_Value_Per_Share_(B)
14,0.9333333333333333,0.00043994979932904243,Net_Value_Per_Share_(B)
0,0.0,0.014870730228722095,Net_Value_Per_Share_(A)
1,0.06666666666666667,0.028704771772027016,Net_Value_Per_Share_(A)
2,0.13333333333333333,0.04320146143436432,Net_Value_Per_Share_(A)
3,0.2,0.04618632793426514,Net_Value_Per_Share_(A)
4,0.26666666666666666,0.03818602114915848,Net_Value_Per_Share_(A)
5,0.3333333333333333,0.02463134564459324,Net_Value_Per_Share_(A)
6,0.4,0.014176187105476856,Net_Value_Per_Share_(A)
7,0.4666666666666667,0.00818211492151022,Net_Value_Per_Share_(A)
8,0.5333333333333333,0.004891883581876755,Net_Value_Per_Share_(A)
9,0.6,0.0034617504570633173,Net_Value_Per_Share_(A)
10,0.6666666666666666,0.002687194151803851,Net_Value_Per_Share_(A)
11,0.7333333333333333,0.0024491879157721996,Net_Value_Per_Share_(A)
12,0.8,0.0012576847802847624,Net_Value_Per_Share_(A)
13,0.8666666666666667,0.0007323722820729017,Net_Value_Per_Share_(A)
14,0.9333333333333333,0.00044115079799667,Net_Value_Per_Share_(A)
0,0.0,0.009548189118504524,Net_Value_Per_Share_(C)
1,0.06666666666666667,0.021904004737734795,Net_Value_Per_Share_(C)
2,0.13333333333333333,0.040520455688238144,Net_Value_Per_Share_(C)
3,0.2,0.048443473875522614,Net_Value_Per_Share_(C)
4,0.26666666666666666,0.04397234693169594,Net_Value_Per_Share_(C)
5,0.3333333333333333,0.030897101387381554,Net_Value_Per_Share_(C)
6,0.4,0.01962309330701828,Net_Value_Per_Share_(C)
7,0.4666666666666667,0.012331787496805191,Net_Value_Per_Share_(C)
8,0.5333333333333333,0.007913527078926563,Net_Value_Per_Share_(C)
9,0.6,0.005122294183820486,Net_Value_Per_Share_(C)
10,0.6666666666666666,0.0036902092397212982,Net_Value_Per_Share_(C)
11,0.7333333333333333,0.003015219932422042,Net_Value_Per_Share_(C)
12,0.8,0.002656379248946905,Net_Value_Per_Share_(C)
13,0.8666666666666667,0.002087538130581379,Net_Value_Per_Share_(C)
14,0.9333333333333333,0.0011430508457124233,Net_Value_Per_Share_(C)
0,0.0,0.3335746228694916,Persistent_EPS_in_the_Last_Four_Seasons
1,0.06666666666666667,0.22519484162330627,Persistent_EPS_in_the_Last_Four_Seasons
2,0.13333333333333333,0.12012366950511932,Persistent_EPS_in_the_Last_Four_Seasons
3,0.2,0.04749895632266998,Persistent_EPS_in_the_Last_Four_Seasons
4,0.26666666666666666,0.011679865419864655,Persistent_EPS_in_the_Last_Four_Seasons
5,0.3333333333333333,0.0022878919262439013,Persistent_EPS_in_the_Last_Four_Seasons
6,0.4,0.0007339788717217743,Persistent_EPS_in_the_Last_Four_Seasons
7,0.4666666666666667,0.00029330101097002625,Persistent_EPS_in_the_Last_Four_Seasons
8,0.5333333333333333,0.00014664906484540552,Persistent_EPS_in_the_Last_Four_Seasons
9,0.6,0.00014664906484540552,Persistent_EPS_in_the_Last_Four_Seasons
10,0.6666666666666666,0.00014664906484540552,Persistent_EPS_in_the_Last_Four_Seasons
11,0.7333333333333333,3.3151860634461627e-07,Persistent_EPS_in_the_Last_Four_Seasons
12,0.8,2.0349107702947275e-26,Persistent_EPS_in_the_Last_Four_Seasons
13,0.8666666666666667,0.0,Persistent_EPS_in_the_Last_Four_Seasons
14,0.9333333333333333,0.0,Persistent_EPS_in_the_Last_Four_Seasons
0,0.0,0.0005815283511765301,Cash_Flow_Per_Share
1,0.06666666666666667,0.001180217252112925,Cash_Flow_Per_Share
2,0.13333333333333333,0.0030493850354105234,Cash_Flow_Per_Share
3,0.2,0.008021609857678413,Cash_Flow_Per_Share
4,0.26666666666666666,0.0306710097938776,Cash_Flow_Per_Share
5,0.3333333333333333,0.045021913945674896,Cash_Flow_Per_Share
6,0.4,0.017012223601341248,Cash_Flow_Per_Share
7,0.4666666666666667,0.005782642401754856,Cash_Flow_Per_Share
8,0.5333333333333333,0.003306423081085086,Cash_Flow_Per_Share
9,0.6,0.0014887629076838493,Cash_Flow_Per_Share
10,0.6666666666666666,0.0004806030774489045,Cash_Flow_Per_Share
11,0.7333333333333333,0.00044050649739801884,Cash_Flow_Per_Share
12,0.8,0.00043994063162244856,Cash_Flow_Per_Share
13,0.8666666666666667,0.000206010474357754,Cash_Flow_Per_Share
14,0.9333333333333333,0.00014664906484540552,Cash_Flow_Per_Share
0,0.0,0.045606065541505814,Revenue_Per_Share_(Yuan_¥)
1,201333333.33333334,0.0002915536751970649,Revenue_Per_Share_(Yuan_¥)
2,402666666.6666667,0.0,Revenue_Per_Share_(Yuan_¥)
3,604000000.0,0.0,Revenue_Per_Share_(Yuan_¥)
4,805333333.3333334,0.0,Revenue_Per_Share_(Yuan_¥)
5,1006666666.6666667,0.0,Revenue_Per_Share_(Yuan_¥)
6,1208000000.0,0.0,Revenue_Per_Share_(Yuan_¥)
7,1409333333.3333335,0.0,Revenue_Per_Share_(Yuan_¥)
8,1610666666.6666667,0.0,Revenue_Per_Share_(Yuan_¥)
9,1812000000.0,0.0,Revenue_Per_Share_(Yuan_¥)
10,2013333333.3333335,0.0,Revenue_Per_Share_(Yuan_¥)
11,2214666666.666667,0.0,Revenue_Per_Share_(Yuan_¥)
12,2416000000.0,0.0,Revenue_Per_Share_(Yuan_¥)
13,2617333333.3333335,0.0,Revenue_Per_Share_(Yuan_¥)
14,2818666666.666667,0.0,Revenue_Per_Share_(Yuan_¥)
0,0.0,0.007582909893244505,Operating_Profit_Per_Share_(Yuan_¥)
1,0.06666666666666667,0.0338733084499836,Operating_Profit_Per_Share_(Yuan_¥)
2,0.13333333333333333,0.06566418707370758,Operating_Profit_Per_Share_(Yuan_¥)
3,0.2,0.0838853269815445,Operating_Profit_Per_Share_(Yuan_¥)
4,0.26666666666666666,0.08326388150453568,Operating_Profit_Per_Share_(Yuan_¥)
5,0.3333333333333333,0.07303068786859512,Operating_Profit_Per_Share_(Yuan_¥)
6,0.4,0.06038818880915642,Operating_Profit_Per_Share_(Yuan_¥)
7,0.4666666666666667,0.04833712428808212,Operating_Profit_Per_Share_(Yuan_¥)
8,0.5333333333333333,0.03700542822480202,Operating_Profit_Per_Share_(Yuan_¥)
9,0.6,0.02909550815820694,Operating_Profit_Per_Share_(Yuan_¥)
10,0.6666666666666666,0.023143867030739784,Operating_Profit_Per_Share_(Yuan_¥)
11,0.7333333333333333,0.017820145934820175,Operating_Profit_Per_Share_(Yuan_¥)
12,0.8,0.014201291836798191,Operating_Profit_Per_Share_(Yuan_¥)
13,0.8666666666666667,0.011416465044021606,Operating_Profit_Per_Share_(Yuan_¥)
14,0.9333333333333333,0.00908613484352827,Operating_Profit_Per_Share_(Yuan_¥)
0,0.0,0.020997434854507446,Per_Share_Net_profit_before_tax_(Yuan_¥)
1,0.06666666666666667,0.03582783415913582,Per_Share_Net_profit_before_tax_(Yuan_¥)
2,0.13333333333333333,0.04583869129419327,Per_Share_Net_profit_before_tax_(Yuan_¥)
3,0.2,0.04495522007346153,Per_Share_Net_profit_before_tax_(Yuan_¥)
4,0.26666666666666666,0.033424995839595795,Per_Share_Net_profit_before_tax_(Yuan_¥)
5,0.3333333333333333,0.021320035681128502,Per_Share_Net_profit_before_tax_(Yuan_¥)
6,0.4,0.012722834944725037,Per_Share_Net_profit_before_tax_(Yuan_¥)
7,0.4666666666666667,0.007345516700297594,Per_Share_Net_profit_before_tax_(Yuan_¥)
8,0.5333333333333333,0.004933388903737068,Per_Share_Net_profit_before_tax_(Yuan_¥)
9,0.6,0.002957612508907914,Per_Share_Net_profit_before_tax_(Yuan_¥)
10,0.6666666666666666,0.0018393147038295865,Per_Share_Net_profit_before_tax_(Yuan_¥)
11,0.7333333333333333,0.0009667221456766129,Per_Share_Net_profit_before_tax_(Yuan_¥)
12,0.8,0.000444884441094473,Per_Share_Net_profit_before_tax_(Yuan_¥)
13,0.8666666666666667,0.00015596461889799684,Per_Share_Net_profit_before_tax_(Yuan_¥)
14,0.9333333333333333,0.00014664906484540552,Per_Share_Net_profit_before_tax_(Yuan_¥)
0,0.0,0.029035093262791634,Realized_Sales_Gross_Profit_Growth_Rate
1,0.06666666666666667,0.06807206571102142,Realized_Sales_Gross_Profit_Growth_Rate
2,0.13333333333333333,0.09963029623031616,Realized_Sales_Gross_Profit_Growth_Rate
3,0.2,0.11770211160182953,Realized_Sales_Gross_Profit_Growth_Rate
4,0.26666666666666666,0.12389177829027176,Realized_Sales_Gross_Profit_Growth_Rate
5,0.3333333333333333,0.1191348284482956,Realized_Sales_Gross_Profit_Growth_Rate
6,0.4,0.10876328498125076,Realized_Sales_Gross_Profit_Growth_Rate
7,0.4666666666666667,0.09646361321210861,Realized_Sales_Gross_Profit_Growth_Rate
8,0.5333333333333333,0.08518268913030624,Realized_Sales_Gross_Profit_Growth_Rate
9,0.6,0.07470253854990005,Realized_Sales_Gross_Profit_Growth_Rate
10,0.6666666666666666,0.06506875902414322,Realized_Sales_Gross_Profit_Growth_Rate
11,0.7333333333333333,0.05614069849252701,Realized_Sales_Gross_Profit_Growth_Rate
12,0.8,0.04892650991678238,Realized_Sales_Gross_Profit_Growth_Rate
13,0.8666666666666667,0.04196193441748619,Realized_Sales_Gross_Profit_Growth_Rate
14,0.9333333333333333,0.03583120182156563,Realized_Sales_Gross_Profit_Growth_Rate
0,0.0,0.0,Operating_Profit_Growth_Rate
1,0.06666666666666667,0.0,Operating_Profit_Growth_Rate
2,0.13333333333333333,0.0,Operating_Profit_Growth_Rate
3,0.2,0.0,Operating_Profit_Growth_Rate
4,0.26666666666666666,0.0,Operating_Profit_Growth_Rate
5,0.3333333333333333,0.0,Operating_Profit_Growth_Rate
6,0.4,0.0,Operating_Profit_Growth_Rate
7,0.4666666666666667,0.0,Operating_Profit_Growth_Rate
8,0.5333333333333333,8.328392198109213e-08,Operating_Profit_Growth_Rate
9,0.6,0.00025548069970682263,Operating_Profit_Growth_Rate
10,0.6666666666666666,0.0006818379042670131,Operating_Profit_Growth_Rate
11,0.7333333333333333,0.002790560247376561,Operating_Profit_Growth_Rate
12,0.8,0.022026820108294487,Operating_Profit_Growth_Rate
13,0.8666666666666667,0.03911137580871582,Operating_Profit_Growth_Rate
14,0.9333333333333333,0.0017191345104947686,Operating_Profit_Growth_Rate
0,0.0,0.0009249316644854844,After-tax_Net_Profit_Growth_Rate
1,0.06666666666666667,0.0014904483687132597,After-tax_Net_Profit_Growth_Rate
2,0.13333333333333333,0.0022550611756742,After-tax_Net_Profit_Growth_Rate
3,0.2,0.003280412871390581,After-tax_Net_Profit_Growth_Rate
4,0.26666666666666666,0.0040358868427574635,After-tax_Net_Profit_Growth_Rate
5,0.3333333333333333,0.0067137014120817184,After-tax_Net_Profit_Growth_Rate
6,0.4,0.009163934737443924,After-tax_Net_Profit_Growth_Rate
7,0.4666666666666667,0.015831291675567627,After-tax_Net_Profit_Growth_Rate
8,0.5333333333333333,0.02679196558892727,After-tax_Net_Profit_Growth_Rate
9,0.6,0.03824477642774582,After-tax_Net_Profit_Growth_Rate
10,0.6666666666666666,0.0468331053853035,After-tax_Net_Profit_Growth_Rate
11,0.7333333333333333,0.027639610692858696,After-tax_Net_Profit_Growth_Rate
12,0.8,0.0030348810832947493,After-tax_Net_Profit_Growth_Rate
13,0.8666666666666667,0.001235597301274538,After-tax_Net_Profit_Growth_Rate
14,0.9333333333333333,0.000741893018130213,After-tax_Net_Profit_Growth_Rate
0,0.0,2.832146751300557e-31,Regular_Net_Profit_Growth_Rate
1,0.06666666666666667,1.120758159499321e-20,Regular_Net_Profit_Growth_Rate
2,0.13333333333333333,1.0605315310385777e-06,Regular_Net_Profit_Growth_Rate
3,0.2,0.0001506434491602704,Regular_Net_Profit_Growth_Rate
4,0.26666666666666666,0.0002930123882833868,Regular_Net_Profit_Growth_Rate
5,0.3333333333333333,0.0005124367889948189,Regular_Net_Profit_Growth_Rate
6,0.4,0.001527205458842218,Regular_Net_Profit_Growth_Rate
7,0.4666666666666667,0.00305879395455122,Regular_Net_Profit_Growth_Rate
8,0.5333333333333333,0.006025161128491163,Regular_Net_Profit_Growth_Rate
9,0.6,0.01410066056996584,Regular_Net_Profit_Growth_Rate
10,0.6666666666666666,0.037590522319078445,Regular_Net_Profit_Growth_Rate
11,0.7333333333333333,0.05501781031489372,Regular_Net_Profit_Growth_Rate
12,0.8,0.03228773921728134,Regular_Net_Profit_Growth_Rate
13,0.8666666666666667,0.010999640449881554,Regular_Net_Profit_Growth_Rate
14,0.9333333333333333,0.004337846301496029,Regular_Net_Profit_Growth_Rate
0,0.0,0.006471424363553524,Continuous_Net_Profit_Growth_Rate
1,0.06666666666666667,0.015071259811520576,Continuous_Net_Profit_Growth_Rate
2,0.13333333333333333,0.03959386423230171,Continuous_Net_Profit_Growth_Rate
3,0.2,0.051289692521095276,Continuous_Net_Profit_Growth_Rate
4,0.26666666666666666,0.012329034507274628,Continuous_Net_Profit_Growth_Rate
5,0.3333333333333333,0.002085193060338497,Continuous_Net_Profit_Growth_Rate
6,0.4,0.00043019192526116967,Continuous_Net_Profit_Growth_Rate
7,0.4666666666666667,0.00015353603521361947,Continuous_Net_Profit_Growth_Rate
8,0.5333333333333333,0.00014664916670881212,Continuous_Net_Profit_Growth_Rate
9,0.6,9.201640750688966e-06,Continuous_Net_Profit_Growth_Rate
10,0.6666666666666666,5.645615044303342e-33,Continuous_Net_Profit_Growth_Rate
11,0.7333333333333333,0.0,Continuous_Net_Profit_Growth_Rate
12,0.8,0.0,Continuous_Net_Profit_Growth_Rate
13,0.8666666666666667,0.0,Continuous_Net_Profit_Growth_Rate
14,0.9333333333333333,0.0,Continuous_Net_Profit_Growth_Rate
0,0.0,0.0351935438811779,Total_Asset_Growth_Rate
1,666000000.0,0.03771569952368736,Total_Asset_Growth_Rate
2,1332000000.0,0.03997530788183212,Total_Asset_Growth_Rate
3,1998000000.0,0.0420585572719574,Total_Asset_Growth_Rate
4,2664000000.0,0.04388134926557541,Total_Asset_Growth_Rate
5,3330000000.0,0.04542534053325653,Total_Asset_Growth_Rate
6,3996000000.0,0.04661430045962334,Total_Asset_Growth_Rate
7,4662000000.0,0.047281816601753235,Total_Asset_Growth_Rate
8,5328000000.0,0.04749360308051109,Total_Asset_Growth_Rate
9,5994000000.0,0.047222159802913666,Total_Asset_Growth_Rate
10,6660000000.0,0.04652430862188339,Total_Asset_Growth_Rate
11,7326000000.0,0.04528804123401642,Total_Asset_Growth_Rate
12,7992000000.0,0.043291058391332626,Total_Asset_Growth_Rate
13,8658000000.0,0.04059629514813423,Total_Asset_Growth_Rate
14,9324000000.0,0.03754446655511856,Total_Asset_Growth_Rate
0,0.0,0.045606065541505814,Net_Value_Growth_Rate
1,622000000.0,0.004865812137722969,Net_Value_Growth_Rate
2,1244000000.0,0.0007398023153655231,Net_Value_Growth_Rate
3,1866000000.0,0.00014664906484540552,Net_Value_Growth_Rate
4,2488000000.0,0.00014664906484540552,Net_Value_Growth_Rate
5,3110000000.0,1.1524451479627406e-35,Net_Value_Growth_Rate
6,3732000000.0,0.0,Net_Value_Growth_Rate
7,4354000000.0,0.0,Net_Value_Growth_Rate
8,4976000000.0,0.0,Net_Value_Growth_Rate
9,5598000000.0,0.0,Net_Value_Growth_Rate
10,6220000000.0,0.0,Net_Value_Growth_Rate
11,6842000000.0,0.0,Net_Value_Growth_Rate
12,7464000000.0,0.0,Net_Value_Growth_Rate
13,8086000000.0,0.0,Net_Value_Growth_Rate
14,8708000000.0,0.0,Net_Value_Growth_Rate
0,0.0,0.0,Total_Asset_Return_Growth_Rate_Ratio
1,0.06666666666666667,0.00014664906484540552,Total_Asset_Return_Growth_Rate_Ratio
2,0.13333333333333333,0.00014664955961052328,Total_Asset_Return_Growth_Rate_Ratio
3,0.2,0.001707970048300922,Total_Asset_Return_Growth_Rate_Ratio
4,0.26666666666666666,0.04543314129114151,Total_Asset_Return_Growth_Rate_Ratio
5,0.3333333333333333,0.0008717062883079052,Total_Asset_Return_Growth_Rate_Ratio
6,0.4,0.00014664906484540552,Total_Asset_Return_Growth_Rate_Ratio
7,0.4666666666666667,0.00014664906484540552,Total_Asset_Return_Growth_Rate_Ratio
8,0.5333333333333333,0.0,Total_Asset_Return_Growth_Rate_Ratio
9,0.6,0.0,Total_Asset_Return_Growth_Rate_Ratio
10,0.6666666666666666,0.0,Total_Asset_Return_Growth_Rate_Ratio
11,0.7333333333333333,0.0,Total_Asset_Return_Growth_Rate_Ratio
12,0.8,0.0,Total_Asset_Return_Growth_Rate_Ratio
13,0.8666666666666667,0.0,Total_Asset_Return_Growth_Rate_Ratio
14,0.9333333333333333,0.0,Total_Asset_Return_Growth_Rate_Ratio
0,0.0,0.012991253286600113,Cash_Reinvestment_%
1,0.06666666666666667,0.01875326596200466,Cash_Reinvestment_%
2,0.13333333333333333,0.026865361258387566,Cash_Reinvestment_%
3,0.2,0.03592450171709061,Cash_Reinvestment_%
4,0.26666666666666666,0.04327414557337761,Cash_Reinvestment_%
5,0.3333333333333333,0.046400539577007294,Cash_Reinvestment_%
6,0.4,0.04509396106004715,Cash_Reinvestment_%
7,0.4666666666666667,0.03964173421263695,Cash_Reinvestment_%
8,0.5333333333333333,0.030767105519771576,Cash_Reinvestment_%
9,0.6,0.02179616130888462,Cash_Reinvestment_%
10,0.6666666666666666,0.013981310650706291,Cash_Reinvestment_%
11,0.7333333333333333,0.009569714777171612,Cash_Reinvestment_%
12,0.8,0.00717735243961215,Cash_Reinvestment_%
13,0.8666666666666667,0.005231581162661314,Cash_Reinvestment_%
14,0.9333333333333333,0.004117174539715052,Cash_Reinvestment_%
0,0.0,0.045606065541505814,Current_Ratio
1,183333333.33333334,0.00014664906484540552,Current_Ratio
2,366666666.6666667,0.0,Current_Ratio
3,550000000.0,0.0,Current_Ratio
4,733333333.3333334,0.0,Current_Ratio
5,916666666.6666667,0.0,Current_Ratio
6,1100000000.0,0.0,Current_Ratio
7,1283333333.3333335,0.0,Current_Ratio
8,1466666666.6666667,0.0,Current_Ratio
9,1650000000.0,0.0,Current_Ratio
10,1833333333.3333335,0.0,Current_Ratio
11,2016666666.6666667,0.0,Current_Ratio
12,2200000000.0,0.0,Current_Ratio
13,2383333333.3333335,0.0,Current_Ratio
14,2566666666.666667,0.0,Current_Ratio
0,0.0,0.04571174830198288,Quick_Ratio
1,615333333.3333334,0.0372755192220211,Quick_Ratio
2,1230666666.6666667,0.027352644130587578,Quick_Ratio
3,1846000000.0,0.018803918734192848,Quick_Ratio
4,2461333333.3333335,0.01247420534491539,Quick_Ratio
5,3076666666.666667,0.00815143994987011,Quick_Ratio
6,3692000000.0,0.005798959638923407,Quick_Ratio
7,4307333333.333334,0.004227466881275177,Quick_Ratio
8,4922666666.666667,0.0028427441138774157,Quick_Ratio
9,5538000000.0,0.0021416950039565563,Quick_Ratio
10,6153333333.333334,0.0013665282167494297,Quick_Ratio
11,6768666666.666667,0.0009904686594381928,Quick_Ratio
12,7384000000.0,0.0006330644246190786,Quick_Ratio
13,7999333333.333334,0.0005863042315468192,Quick_Ratio
14,8614666666.666668,0.0004398840537760407,Quick_Ratio
0,0.0,0.00015043372695799917,Interest_Expense_Ratio
1,0.06666666666666667,0.0002932656789198518,Interest_Expense_Ratio
2,0.13333333333333333,0.0005404172698035836,Interest_Expense_Ratio
3,0.2,0.0009038362186402082,Interest_Expense_Ratio
4,0.26666666666666666,0.002048314781859517,Interest_Expense_Ratio
5,0.3333333333333333,0.00332314008846879,Interest_Expense_Ratio
6,0.4,0.006670880131423473,Interest_Expense_Ratio
7,0.4666666666666667,0.015609465539455414,Interest_Expense_Ratio
8,0.5333333333333333,0.033946964889764786,Interest_Expense_Ratio
9,0.6,0.04739384725689888,Interest_Expense_Ratio
10,0.6666666666666666,0.050327081233263016,Interest_Expense_Ratio
11,0.7333333333333333,0.04796377941966057,Interest_Expense_Ratio
12,0.8,0.03318001329898834,Interest_Expense_Ratio
13,0.8666666666666667,0.01885923184454441,Interest_Expense_Ratio
14,0.9333333333333333,0.00953005999326706,Interest_Expense_Ratio
0,0.0,0.04545941576361656,Total_debt/Total_net_worth
1,662666666.6666666,0.11990965902805328,Total_debt/Total_net_worth
2,1325333333.3333333,0.25137826800346375,Total_debt/Total_net_worth
3,1988000000.0,0.38609984517097473,Total_debt/Total_net_worth
4,2650666666.6666665,0.49213629961013794,Total_debt/Total_net_worth
5,3313333333.333333,0.5815542936325073,Total_debt/Total_net_worth
6,3976000000.0,0.654355525970459,Total_debt/Total_net_worth
7,4638666666.666666,0.7159268856048584,Total_debt/Total_net_worth
8,5301333333.333333,0.7629038095474243,Total_debt/Total_net_worth
9,5964000000.0,0.8010686039924622,Total_debt/Total_net_worth
10,6626666666.666666,0.8305884003639221,Total_debt/Total_net_worth
11,7289333333.333333,0.8582603931427002,Total_debt/Total_net_worth
12,7952000000.0,0.8790231943130493,Total_debt/Total_net_worth
13,8614666666.666666,0.8972318768501282,Total_debt/Total_net_worth
14,9277333333.333332,0.9117637276649475,Total_debt/Total_net_worth
15,9940000000.0,0.9227985143661499,Total_debt/Total_net_worth
0,0.0,0.014272722415626049,Debt_ratio_%
1,0.06666666666666667,0.028119688853621483,Debt_ratio_%
2,0.13333333333333333,0.043729182332754135,Debt_ratio_%
3,0.2,0.05645138770341873,Debt_ratio_%
4,0.26666666666666666,0.0676952376961708,Debt_ratio_%
5,0.3333333333333333,0.07107868045568466,Debt_ratio_%
6,0.4,0.06874994188547134,Debt_ratio_%
7,0.4666666666666667,0.06277649104595184,Debt_ratio_%
8,0.5333333333333333,0.05429833009839058,Debt_ratio_%
9,0.6,0.04530731216073036,Debt_ratio_%
10,0.6666666666666666,0.03704284504055977,Debt_ratio_%
11,0.7333333333333333,0.030189434066414833,Debt_ratio_%
12,0.8,0.024619020521640778,Debt_ratio_%
13,0.8666666666666667,0.020166149362921715,Debt_ratio_%
14,0.9333333333333333,0.016434872522950172,Debt_ratio_%
0,0.0,0.014873988926410675,Net_worth/Assets
1,0.06666666666666667,0.01827153190970421,Net_worth/Assets
2,0.13333333333333333,0.02244388498365879,Net_worth/Assets
3,0.2,0.026656467467546463,Net_worth/Assets
4,0.26666666666666666,0.03178732097148895,Net_worth/Assets
5,0.3333333333333333,0.03842766955494881,Net_worth/Assets
6,0.4,0.0461384654045105,Net_worth/Assets
7,0.4666666666666667,0.05458298325538635,Net_worth/Assets
8,0.5333333333333333,0.06226649880409241,Net_worth/Assets
9,0.6,0.06776703149080276,Net_worth/Assets
10,0.6666666666666666,0.07003665715456009,Net_worth/Assets
11,0.7333333333333333,0.06635459512472153,Net_worth/Assets
12,0.8,0.055769722908735275,Net_worth/Assets
13,0.8666666666666667,0.043861135840415955,Net_worth/Assets
14,0.9333333333333333,0.02873823791742325,Net_worth/Assets
0,0.0,0.04409939795732498,Long-term_fund_suitability_ratio_(A)
1,0.06666666666666667,0.06024455279111862,Long-term_fund_suitability_ratio_(A)
2,0.13333333333333333,0.08037450909614563,Long-term_fund_suitability_ratio_(A)
3,0.2,0.10201145708560944,Long-term_fund_suitability_ratio_(A)
4,0.26666666666666666,0.126506507396698,Long-term_fund_suitability_ratio_(A)
5,0.3333333333333333,0.14804814755916595,Long-term_fund_suitability_ratio_(A)
6,0.4,0.166326105594635,Long-term_fund_suitability_ratio_(A)
7,0.4666666666666667,0.18230140209197998,Long-term_fund_suitability_ratio_(A)
8,0.5333333333333333,0.19453676044940948,Long-term_fund_suitability_ratio_(A)
9,0.6,0.20342455804347992,Long-term_fund_suitability_ratio_(A)
10,0.6666666666666666,0.21036064624786377,Long-term_fund_suitability_ratio_(A)
11,0.7333333333333333,0.21541109681129456,Long-term_fund_suitability_ratio_(A)
12,0.8,0.21873897314071655,Long-term_fund_suitability_ratio_(A)
13,0.8666666666666667,0.22064027190208435,Long-term_fund_suitability_ratio_(A)
14,0.9333333333333333,0.22137928009033203,Long-term_fund_suitability_ratio_(A)
0,0.0,0.0004368252702988684,Borrowing_dependency
1,0.06666666666666667,0.000602245912887156,Borrowing_dependency
2,0.13333333333333333,0.0014278218150138855,Borrowing_dependency
3,0.2,0.004256699699908495,Borrowing_dependency
4,0.26666666666666666,0.012912954203784466,Borrowing_dependency
5,0.3333333333333333,0.03128688409924507,Borrowing_dependency
6,0.4,0.05275758355855942,Borrowing_dependency
7,0.4666666666666667,0.10879216343164444,Borrowing_dependency
8,0.5333333333333333,0.2104528695344925,Borrowing_dependency
9,0.6,0.3346730172634125,Borrowing_dependency
10,0.6666666666666666,0.45363497734069824,Borrowing_dependency
11,0.7333333333333333,0.5586985945701599,Borrowing_dependency
12,0.8,0.6413351893424988,Borrowing_dependency
13,0.8666666666666667,0.7102273106575012,Borrowing_dependency
14,0.9333333333333333,0.7625762820243835,Borrowing_dependency
0,0.0,0.03147188574075699,Contingent_liabilities/Net_worth
1,0.06666666666666667,0.013576899655163288,Contingent_liabilities/Net_worth
2,0.13333333333333333,0.0014689308591187,Contingent_liabilities/Net_worth
3,0.2,0.00029329812969081104,Contingent_liabilities/Net_worth
4,0.26666666666666666,0.00014664902118965983,Contingent_liabilities/Net_worth
5,0.3333333333333333,0.0,Contingent_liabilities/Net_worth
6,0.4,0.0,Contingent_liabilities/Net_worth
7,0.4666666666666667,0.0,Contingent_liabilities/Net_worth
8,0.5333333333333333,0.0,Contingent_liabilities/Net_worth
9,0.6,0.0,Contingent_liabilities/Net_worth
10,0.6666666666666666,0.0,Contingent_liabilities/Net_worth
11,0.7333333333333333,0.0,Contingent_liabilities/Net_worth
12,0.8,0.0,Contingent_liabilities/Net_worth
13,0.8666666666666667,0.0,Contingent_liabilities/Net_worth
14,0.9333333333333333,0.0,Contingent_liabilities/Net_worth
0,0.0,0.0073462375439703465,Operating_profit/Paid-in_capital
1,0.06666666666666667,0.0334651954472065,Operating_profit/Paid-in_capital
2,0.13333333333333333,0.06477493792772293,Operating_profit/Paid-in_capital
3,0.2,0.07642330229282379,Operating_profit/Paid-in_capital
4,0.26666666666666666,0.06870243698358536,Operating_profit/Paid-in_capital
5,0.3333333333333333,0.05537593737244606,Operating_profit/Paid-in_capital
6,0.4,0.042512960731983185,Operating_profit/Paid-in_capital
7,0.4666666666666667,0.031079895794391632,Operating_profit/Paid-in_capital
8,0.5333333333333333,0.02387871779501438,Operating_profit/Paid-in_capital
9,0.6,0.01763453334569931,Operating_profit/Paid-in_capital
10,0.6666666666666666,0.013283579610288143,Operating_profit/Paid-in_capital
11,0.7333333333333333,0.009480875916779041,Operating_profit/Paid-in_capital
12,0.8,0.0075159152038395405,Operating_profit/Paid-in_capital
13,0.8666666666666667,0.006220052018761635,Operating_profit/Paid-in_capital
14,0.9333333333333333,0.0053792428225278854,Operating_profit/Paid-in_capital
0,0.0,0.05939061567187309,Net_profit_before_tax/Paid-in_capital
1,0.06666666666666667,0.060223452746868134,Net_profit_before_tax/Paid-in_capital
2,0.13333333333333333,0.050717443227767944,Net_profit_before_tax/Paid-in_capital
3,0.2,0.0369332954287529,Net_profit_before_tax/Paid-in_capital
4,0.26666666666666666,0.016854429617524147,Net_profit_before_tax/Paid-in_capital
5,0.3333333333333333,0.007277499418705702,Net_profit_before_tax/Paid-in_capital
6,0.4,0.0033642235212028027,Net_profit_before_tax/Paid-in_capital
7,0.4666666666666667,0.0012467443011701107,Net_profit_before_tax/Paid-in_capital
8,0.5333333333333333,0.0005509129841811955,Net_profit_before_tax/Paid-in_capital
9,0.6,0.00033719808561727405,Net_profit_before_tax/Paid-in_capital
10,0.6666666666666666,0.00015859957784414291,Net_profit_before_tax/Paid-in_capital
11,0.7333333333333333,0.00014664906484540552,Net_profit_before_tax/Paid-in_capital
12,0.8,0.00014664906484540552,Net_profit_before_tax/Paid-in_capital
13,0.8666666666666667,0.00014664906484540552,Net_profit_before_tax/Paid-in_capital
14,0.9333333333333333,0.00014664906484540552,Net_profit_before_tax/Paid-in_capital
0,0.0,0.005125605035573244,Inventory_and_accounts_receivable/Net_value
1,0.06666666666666667,0.007329822983592749,Inventory_and_accounts_receivable/Net_value
2,0.13333333333333333,0.012184767052531242,Inventory_and_accounts_receivable/Net_value
3,0.2,0.022477271035313606,Inventory_and_accounts_receivable/Net_value
4,0.26666666666666666,0.038233719766139984,Inventory_and_accounts_receivable/Net_value
5,0.3333333333333333,0.050806544721126556,Inventory_and_accounts_receivable/Net_value
6,0.4,0.04672345146536827,Inventory_and_accounts_receivable/Net_value
7,0.4666666666666667,0.029759744182229042,Inventory_and_accounts_receivable/Net_value
8,0.5333333333333333,0.01306955423206091,Inventory_and_accounts_receivable/Net_value
9,0.6,0.005821967031806707,Inventory_and_accounts_receivable/Net_value
10,0.6666666666666666,0.0032764591742306948,Inventory_and_accounts_receivable/Net_value
11,0.7333333333333333,0.0014837044291198254,Inventory_and_accounts_receivable/Net_value
12,0.8,0.0007446410600095987,Inventory_and_accounts_receivable/Net_value
13,0.8666666666666667,0.0004400559118948877,Inventory_and_accounts_receivable/Net_value
14,0.9333333333333333,0.0004399484605528414,Inventory_and_accounts_receivable/Net_value
0,0.0,0.05434506759047508,Total_Asset_Turnover
1,0.06666666666666667,0.04890745133161545,Total_Asset_Turnover
2,0.13333333333333333,0.04352123662829399,Total_Asset_Turnover
3,0.2,0.037802185863256454,Total_Asset_Turnover
4,0.26666666666666666,0.0318128727376461,Total_Asset_Turnover
5,0.3333333333333333,0.025816114619374275,Total_Asset_Turnover
6,0.4,0.02030879259109497,Total_Asset_Turnover
7,0.4666666666666667,0.015599247999489307,Total_Asset_Turnover
8,0.5333333333333333,0.01156657375395298,Total_Asset_Turnover
9,0.6,0.008483752608299255,Total_Asset_Turnover
10,0.6666666666666666,0.006147125270217657,Total_Asset_Turnover
11,0.7333333333333333,0.004787207115441561,Total_Asset_Turnover
12,0.8,0.003794832853600383,Total_Asset_Turnover
13,0.8666666666666667,0.0029637764673680067,Total_Asset_Turnover
14,0.9333333333333333,0.0022354228422045708,Total_Asset_Turnover
0,0.0,0.046192217618227005,Accounts_Receivable_Turnover
1,649333333.3333334,0.0014882549876347184,Accounts_Receivable_Turnover
2,1298666666.6666667,0.00014664906484540552,Accounts_Receivable_Turnover
3,1948000000.0,4.545927956823599e-33,Accounts_Receivable_Turnover
4,2597333333.3333335,0.0,Accounts_Receivable_Turnover
5,3246666666.666667,0.0,Accounts_Receivable_Turnover
6,3896000000.0,0.0,Accounts_Receivable_Turnover
7,4545333333.333334,0.0,Accounts_Receivable_Turnover
8,5194666666.666667,0.0,Accounts_Receivable_Turnover
9,5844000000.0,0.0,Accounts_Receivable_Turnover
10,6493333333.333334,0.0,Accounts_Receivable_Turnover
11,7142666666.666667,0.0,Accounts_Receivable_Turnover
12,7792000000.0,0.0,Accounts_Receivable_Turnover
13,8441333333.333334,0.0,Accounts_Receivable_Turnover
14,9090666666.666668,0.0,Accounts_Receivable_Turnover
0,0.0,0.045606065541505814,Average_Collection_Days
1,648666666.6666666,0.005338991992175579,Average_Collection_Days
2,1297333333.3333333,0.0008037585648708045,Average_Collection_Days
3,1946000000.0,0.00014664906484540552,Average_Collection_Days
4,2594666666.6666665,4.778539786087777e-10,Average_Collection_Days
5,3243333333.333333,0.0,Average_Collection_Days
6,3892000000.0,0.0,Average_Collection_Days
7,4540666666.666666,0.0,Average_Collection_Days
8,5189333333.333333,0.0,Average_Collection_Days
9,5838000000.0,0.0,Average_Collection_Days
10,6486666666.666666,0.0,Average_Collection_Days
11,7135333333.333333,0.0,Average_Collection_Days
12,7784000000.0,0.0,Average_Collection_Days
13,8432666666.666666,0.0,Average_Collection_Days
14,9081333333.333332,0.0,Average_Collection_Days
15,9730000000.0,0.0,Average_Collection_Days
0,0.0,0.04792084917426109,Inventory_Turnover_Rate_(times)
1,666000000.0,0.047733716666698456,Inventory_Turnover_Rate_(times)
2,1332000000.0,0.04741650074720383,Inventory_Turnover_Rate_(times)
3,1998000000.0,0.046972937881946564,Inventory_Turnover_Rate_(times)
4,2664000000.0,0.04642656445503235,Inventory_Turnover_Rate_(times)
5,3330000000.0,0.04579572007060051,Inventory_Turnover_Rate_(times)
6,3996000000.0,0.045076481997966766,Inventory_Turnover_Rate_(times)
7,4662000000.0,0.04425766319036484,Inventory_Turnover_Rate_(times)
8,5328000000.0,0.04329439625144005,Inventory_Turnover_Rate_(times)
9,5994000000.0,0.042136356234550476,Inventory_Turnover_Rate_(times)
10,6660000000.0,0.04082416370511055,Inventory_Turnover_Rate_(times)
11,7326000000.0,0.0394444614648819,Inventory_Turnover_Rate_(times)
12,7992000000.0,0.03804433345794678,Inventory_Turnover_Rate_(times)
13,8658000000.0,0.036666423082351685,Inventory_Turnover_Rate_(times)
14,9324000000.0,0.03529433161020279,Inventory_Turnover_Rate_(times)
0,0.0,0.04396228864789009,Fixed_Assets_Turnover_Frequency
1,666000000.0,0.045692700892686844,Fixed_Assets_Turnover_Frequency
2,1332000000.0,0.04732248932123184,Fixed_Assets_Turnover_Frequency
3,1998000000.0,0.04866744950413704,Fixed_Assets_Turnover_Frequency
4,2664000000.0,0.04957837238907814,Fixed_Assets_Turnover_Frequency
5,3330000000.0,0.05005320906639099,Fixed_Assets_Turnover_Frequency
6,3996000000.0,0.05009017139673233,Fixed_Assets_Turnover_Frequency
7,4662000000.0,0.049748413264751434,Fixed_Assets_Turnover_Frequency
8,5328000000.0,0.0491570308804512,Fixed_Assets_Turnover_Frequency
9,5994000000.0,0.04842189699411392,Fixed_Assets_Turnover_Frequency
10,6660000000.0,0.047527071088552475,Fixed_Assets_Turnover_Frequency
11,7326000000.0,0.0463378019630909,Fixed_Assets_Turnover_Frequency
12,7992000000.0,0.044853631407022476,Fixed_Assets_Turnover_Frequency
13,8658000000.0,0.043215762823820114,Fixed_Assets_Turnover_Frequency
14,9324000000.0,0.041559331119060516,Fixed_Assets_Turnover_Frequency
0,0.0,0.04569361358880997,Net_Worth_Turnover_Rate_(times)
1,0.06666666666666667,0.04565269500017166,Net_Worth_Turnover_Rate_(times)
2,0.13333333333333333,0.03853151574730873,Net_Worth_Turnover_Rate_(times)
3,0.2,0.02739991620182991,Net_Worth_Turnover_Rate_(times)
4,0.26666666666666666,0.01679256558418274,Net_Worth_Turnover_Rate_(times)
5,0.3333333333333333,0.010456559248268604,Net_Worth_Turnover_Rate_(times)
6,0.4,0.006671236362308264,Net_Worth_Turnover_Rate_(times)
7,0.4666666666666667,0.00469678919762373,Net_Worth_Turnover_Rate_(times)
8,0.5333333333333333,0.003668297780677676,Net_Worth_Turnover_Rate_(times)
9,0.6,0.0024550703819841146,Net_Worth_Turnover_Rate_(times)
10,0.6666666666666666,0.0018530177185311913,Net_Worth_Turnover_Rate_(times)
11,0.7333333333333333,0.0013788511278107762,Net_Worth_Turnover_Rate_(times)
12,0.8,0.0011927976738661528,Net_Worth_Turnover_Rate_(times)
13,0.8666666666666667,0.0008501386037096381,Net_Worth_Turnover_Rate_(times)
14,0.9333333333333333,0.0004437342577148229,Net_Worth_Turnover_Rate_(times)
0,0.0,0.045606065541505814,Revenue_per_person
1,587333333.3333334,0.0038526093121618032,Revenue_per_person
2,1174666666.6666667,0.0003119711473118514,Revenue_per_person
3,1762000000.0,0.00014664906484540552,Revenue_per_person
4,2349333333.3333335,6.6136781449077815e-15,Revenue_per_person
5,2936666666.666667,0.0,Revenue_per_person
6,3524000000.0,0.0,Revenue_per_person
7,4111333333.3333335,0.0,Revenue_per_person
8,4698666666.666667,0.0,Revenue_per_person
9,5286000000.0,0.0,Revenue_per_person
10,5873333333.333334,0.0,Revenue_per_person
11,6460666666.666667,0.0,Revenue_per_person
12,7048000000.0,0.0,Revenue_per_person
13,7635333333.333334,0.0,Revenue_per_person
14,8222666666.666667,0.0,Revenue_per_person
0,0.0,0.0016321215080097318,Operating_profit_per_person
1,0.06666666666666667,0.0033811626490205526,Operating_profit_per_person
2,0.13333333333333333,0.005448595620691776,Operating_profit_per_person
3,0.2,0.009592561982572079,Operating_profit_per_person
4,0.26666666666666666,0.01924917660653591,Operating_profit_per_person
5,0.3333333333333333,0.037009697407484055,Operating_profit_per_person
6,0.4,0.044802866876125336,Operating_profit_per_person
7,0.4666666666666667,0.024922717362642288,Operating_profit_per_person
8,0.5333333333333333,0.006913772318512201,Operating_profit_per_person
9,0.6,0.00349348783493042,Operating_profit_per_person
10,0.6666666666666666,0.0019433657871559262,Operating_profit_per_person
11,0.7333333333333333,0.0013515496393665671,Operating_profit_per_person
12,0.8,0.0004651073832064867,Operating_profit_per_person
13,0.8666666666666667,0.0004399472090881318,Operating_profit_per_person
14,0.9333333333333333,0.0004399472090881318,Operating_profit_per_person
0,0.0,0.04575783759355545,Allocation_rate_per_person
1,638000000.0,0.025397324934601784,Allocation_rate_per_person
2,1276000000.0,0.01223005075007677,Allocation_rate_per_person
3,1914000000.0,0.006847764831036329,Allocation_rate_per_person
4,2552000000.0,0.004324149806052446,Allocation_rate_per_person
5,3190000000.0,0.002341848099604249,Allocation_rate_per_person
6,3828000000.0,0.0013561367522925138,Allocation_rate_per_person
7,4466000000.0,0.0008718253229744732,Allocation_rate_per_person
8,5104000000.0,0.0004386685905046761,Allocation_rate_per_person
9,5742000000.0,0.0002831981109920889,Allocation_rate_per_person
10,6380000000.0,0.0001473909360356629,Allocation_rate_per_person
11,7018000000.0,0.0001466491085011512,Allocation_rate_per_person
12,7656000000.0,2.776436025531126e-11,Allocation_rate_per_person
13,8294000000.0,1.7110131132423213e-23,Allocation_rate_per_person
14,8932000000.0,3.1855313862085984e-31,Allocation_rate_per_person
0,0.0,0.003354243701323867,Working_Capital_to_Total_Assets
1,0.06666666666666667,0.004293571691960096,Working_Capital_to_Total_Assets
2,0.13333333333333333,0.0054969205521047115,Working_Capital_to_Total_Assets
3,0.2,0.007446481846272945,Working_Capital_to_Total_Assets
4,0.26666666666666666,0.0100555419921875,Working_Capital_to_Total_Assets
5,0.3333333333333333,0.014200931414961815,Working_Capital_to_Total_Assets
6,0.4,0.020040543749928474,Working_Capital_to_Total_Assets
7,0.4666666666666667,0.0267513245344162,Working_Capital_to_Total_Assets
8,0.5333333333333333,0.033730775117874146,Working_Capital_to_Total_Assets
9,0.6,0.03996347263455391,Working_Capital_to_Total_Assets
10,0.6666666666666666,0.044491324573755264,Working_Capital_to_Total_Assets
11,0.7333333333333333,0.046697624027729034,Working_Capital_to_Total_Assets
12,0.8,0.04634707421064377,Working_Capital_to_Total_Assets
13,0.8666666666666667,0.04316137358546257,Working_Capital_to_Total_Assets
14,0.9333333333333333,0.037961941212415695,Working_Capital_to_Total_Assets
0,0.0,0.0411924384534359,Quick_Assets/Total_Assets
1,0.06666666666666667,0.043153900653123856,Quick_Assets/Total_Assets
2,0.13333333333333333,0.04461590573191643,Quick_Assets/Total_Assets
3,0.2,0.045573219656944275,Quick_Assets/Total_Assets
4,0.26666666666666666,0.04594915360212326,Quick_Assets/Total_Assets
5,0.3333333333333333,0.045676879584789276,Quick_Assets/Total_Assets
6,0.4,0.044726818799972534,Quick_Assets/Total_Assets
7,0.4666666666666667,0.04306590184569359,Quick_Assets/Total_Assets
8,0.5333333333333333,0.0409102737903595,Quick_Assets/Total_Assets
9,0.6,0.03845513239502907,Quick_Assets/Total_Assets
10,0.6666666666666666,0.03569770231842995,Quick_Assets/Total_Assets
11,0.7333333333333333,0.03247683122754097,Quick_Assets/Total_Assets
12,0.8,0.029012350365519524,Quick_Assets/Total_Assets
13,0.8666666666666667,0.025595255196094513,Quick_Assets/Total_Assets
14,0.9333333333333333,0.022716984152793884,Quick_Assets/Total_Assets
0,0.0,0.03653024509549141,Current_Assets/Total_Assets
1,0.06666666666666667,0.03881233558058739,Current_Assets/Total_Assets
2,0.13333333333333333,0.04082747548818588,Current_Assets/Total_Assets
3,0.2,0.04263390973210335,Current_Assets/Total_Assets
4,0.26666666666666666,0.0442274771630764,Current_Assets/Total_Assets
5,0.3333333333333333,0.04558976739645004,Current_Assets/Total_Assets
6,0.4,0.0467497743666172,Current_Assets/Total_Assets
7,0.4666666666666667,0.047721654176712036,Current_Assets/Total_Assets
8,0.5333333333333333,0.04849452152848244,Current_Assets/Total_Assets
9,0.6,0.04906878247857094,Current_Assets/Total_Assets
10,0.6666666666666666,0.04945645481348038,Current_Assets/Total_Assets
11,0.7333333333333333,0.04965014383196831,Current_Assets/Total_Assets
12,0.8,0.04968823865056038,Current_Assets/Total_Assets
13,0.8666666666666667,0.049588605761528015,Current_Assets/Total_Assets
14,0.9333333333333333,0.04938056692481041,Current_Assets/Total_Assets
0,0.0,0.04964732006192207,Cash/Total_Assets
1,0.06666666666666667,0.044965825974941254,Cash/Total_Assets
2,0.13333333333333333,0.0376131571829319,Cash/Total_Assets
3,0.2,0.028276927769184113,Cash/Total_Assets
4,0.26666666666666666,0.019082047045230865,Cash/Total_Assets
5,0.3333333333333333,0.012444349005818367,Cash/Total_Assets
6,0.4,0.008927449584007263,Cash/Total_Assets
7,0.4666666666666667,0.006575885694473982,Cash/Total_Assets
8,0.5333333333333333,0.004895860329270363,Cash/Total_Assets
9,0.6,0.00396494846791029,Cash/Total_Assets
10,0.6666666666666666,0.003029892221093178,Cash/Total_Assets
11,0.7333333333333333,0.0024352867621928453,Cash/Total_Assets
12,0.8,0.0018319732043892145,Cash/Total_Assets
13,0.8666666666666667,0.0016771783120930195,Cash/Total_Assets
14,0.9333333333333333,0.0013952255249023438,Cash/Total_Assets
0,0.0,0.045606065541505814,Quick_Assets/Current_Liability
1,588000000.0,0.00045172119280323386,Quick_Assets/Current_Liability
2,1176000000.0,7.288086294465757e-07,Quick_Assets/Current_Liability
3,1764000000.0,0.0,Quick_Assets/Current_Liability
4,2352000000.0,0.0,Quick_Assets/Current_Liability
5,2940000000.0,0.0,Quick_Assets/Current_Liability
6,3528000000.0,0.0,Quick_Assets/Current_Liability
7,4116000000.0,0.0,Quick_Assets/Current_Liability
8,4704000000.0,0.0,Quick_Assets/Current_Liability
9,5292000000.0,0.0,Quick_Assets/Current_Liability
10,5880000000.0,0.0,Quick_Assets/Current_Liability
11,6468000000.0,0.0,Quick_Assets/Current_Liability
12,7056000000.0,0.0,Quick_Assets/Current_Liability
13,7644000000.0,0.0,Quick_Assets/Current_Liability
14,8232000000.0,0.0,Quick_Assets/Current_Liability
0,0.0,0.04545754939317703,Cash/Current_Liability
1,643333333.3333334,0.04668903350830078,Cash/Current_Liability
2,1286666666.6666667,0.04762573912739754,Cash/Current_Liability
3,1930000000.0,0.04827432706952095,Cash/Current_Liability
4,2573333333.3333335,0.048535436391830444,Cash/Current_Liability
5,3216666666.666667,0.04836631938815117,Cash/Current_Liability
6,3860000000.0,0.04785628244280815,Cash/Current_Liability
7,4503333333.333334,0.04715413227677345,Cash/Current_Liability
8,5146666666.666667,0.04624919965863228,Cash/Current_Liability
9,5790000000.0,0.04525376856327057,Cash/Current_Liability
10,6433333333.333334,0.044198453426361084,Cash/Current_Liability
11,7076666666.666667,0.04296594113111496,Cash/Current_Liability
12,7720000000.0,0.041711654514074326,Cash/Current_Liability
13,8363333333.333334,0.04044169560074806,Cash/Current_Liability
14,9006666666.666668,0.0390344113111496,Cash/Current_Liability
0,0.0,0.031569890677928925,Current_Liability_to_Assets
1,0.06666666666666667,0.04104992002248764,Current_Liability_to_Assets
2,0.13333333333333333,0.0487908199429512,Current_Liability_to_Assets
3,0.2,0.05649448558688164,Current_Liability_to_Assets
4,0.26666666666666666,0.06258697062730789,Current_Liability_to_Assets
5,0.3333333333333333,0.06631122529506683,Current_Liability_to_Assets
6,0.4,0.0670970007777214,Current_Liability_to_Assets
7,0.4666666666666667,0.06565939635038376,Current_Liability_to_Assets
8,0.5333333333333333,0.062402572482824326,Current_Liability_to_Assets
9,0.6,0.05793755128979683,Current_Liability_to_Assets
10,0.6666666666666666,0.0527324415743351,Current_Liability_to_Assets
11,0.7333333333333333,0.04709746316075325,Current_Liability_to_Assets
12,0.8,0.04150782525539398,Current_Liability_to_Assets
13,0.8666666666666667,0.03637658432126045,Current_Liability_to_Assets
14,0.9333333333333333,0.03219336271286011,Current_Liability_to_Assets
0,0.0,0.017385613173246384,Operating_Funds_to_Liability
1,0.06666666666666667,0.02419004961848259,Operating_Funds_to_Liability
2,0.13333333333333333,0.03194659203290939,Operating_Funds_to_Liability
3,0.2,0.03934573009610176,Operating_Funds_to_Liability
4,0.26666666666666666,0.04414112865924835,Operating_Funds_to_Liability
5,0.3333333333333333,0.045662008225917816,Operating_Funds_to_Liability
6,0.4,0.04528450593352318,Operating_Funds_to_Liability
7,0.4666666666666667,0.0439414381980896,Operating_Funds_to_Liability
8,0.5333333333333333,0.041214413940906525,Operating_Funds_to_Liability
9,0.6,0.03654021397233009,Operating_Funds_to_Liability
10,0.6666666666666666,0.030949244275689125,Operating_Funds_to_Liability
11,0.7333333333333333,0.025244034826755524,Operating_Funds_to_Liability
12,0.8,0.02072897180914879,Operating_Funds_to_Liability
13,0.8666666666666667,0.017319416627287865,Operating_Funds_to_Liability
14,0.9333333333333333,0.014217166230082512,Operating_Funds_to_Liability
0,0.0,4.6252764751930665e-24,Inventory/Working_Capital
1,0.06666666666666667,0.00014664906484540552,Inventory/Working_Capital
2,0.13333333333333333,0.00029329812969081104,Inventory/Working_Capital
3,0.2,0.0014810258289799094,Inventory/Working_Capital
4,0.26666666666666666,0.05092601478099823,Inventory/Working_Capital
5,0.3333333333333333,0.00030592057737521827,Inventory/Working_Capital
6,0.4,5.9442003439747955e-34,Inventory/Working_Capital
7,0.4666666666666667,0.0,Inventory/Working_Capital
8,0.5333333333333333,0.0,Inventory/Working_Capital
9,0.6,0.0,Inventory/Working_Capital
10,0.6666666666666666,0.0,Inventory/Working_Capital
11,0.7333333333333333,0.0,Inventory/Working_Capital
12,0.8,0.0,Inventory/Working_Capital
13,0.8666666666666667,0.0,Inventory/Working_Capital
14,0.9333333333333333,0.0,Inventory/Working_Capital
0,0.0,0.04560776799917221,Inventory/Current_Liability
1,660666666.6666666,0.04723736271262169,Inventory/Current_Liability
2,1321333333.3333333,0.04672154039144516,Inventory/Current_Liability
3,1982000000.0,0.04218184947967529,Inventory/Current_Liability
4,2642666666.6666665,0.035867877304553986,Inventory/Current_Liability
5,3303333333.333333,0.028631243854761124,Inventory/Current_Liability
6,3964000000.0,0.021334033459424973,Inventory/Current_Liability
7,4624666666.666666,0.016413075849413872,Inventory/Current_Liability
8,5285333333.333333,0.01253602933138609,Inventory/Current_Liability
9,5946000000.0,0.0091087119653821,Inventory/Current_Liability
10,6606666666.666666,0.007187440060079098,Inventory/Current_Liability
11,7267333333.333333,0.0055650644935667515,Inventory/Current_Liability
12,7928000000.0,0.004247532691806555,Inventory/Current_Liability
13,8588666666.666666,0.003456747392192483,Inventory/Current_Liability
14,9249333333.333332,0.0028577586635947227,Inventory/Current_Liability
15,9910000000.0,0.0026386796962469816,Inventory/Current_Liability
0,0.0,0.03438195586204529,Current_Liabilities/Liability
1,0.06666666666666667,0.0370546393096447,Current_Liabilities/Liability
2,0.13333333333333333,0.039645228534936905,Current_Liabilities/Liability
3,0.2,0.04198027402162552,Current_Liabilities/Liability
4,0.26666666666666666,0.04398685321211815,Current_Liabilities/Liability
5,0.3333333333333333,0.04558718577027321,Current_Liabilities/Liability
6,0.4,0.04685748741030693,Current_Liabilities/Liability
7,0.4666666666666667,0.04787879437208176,Current_Liabilities/Liability
8,0.5333333333333333,0.04870472103357315,Current_Liabilities/Liability
9,0.6,0.04931816831231117,Current_Liabilities/Liability
10,0.6666666666666666,0.04965070262551308,Current_Liabilities/Liability
11,0.7333333333333333,0.049691494554281235,Current_Liabilities/Liability
12,0.8,0.049461472779512405,Current_Liabilities/Liability
13,0.8666666666666667,0.04894118010997772,Current_Liabilities/Liability
14,0.9333333333333333,0.048099927604198456,Current_Liabilities/Liability
0,0.0,0.0013205544091761112,Working_Capital/Equity
1,0.06666666666666667,0.0017908498411998153,Working_Capital/Equity
2,0.13333333333333333,0.002506103366613388,Working_Capital/Equity
3,0.2,0.0034599134232848883,Working_Capital/Equity
4,0.26666666666666666,0.00413482403382659,Working_Capital/Equity
5,0.3333333333333333,0.00635948684066534,Working_Capital/Equity
6,0.4,0.009533442556858063,Working_Capital/Equity
7,0.4666666666666667,0.01568673551082611,Working_Capital/Equity
8,0.5333333333333333,0.025012880563735962,Working_Capital/Equity
9,0.6,0.039052896201610565,Working_Capital/Equity
10,0.6666666666666666,0.046281635761260986,Working_Capital/Equity
11,0.7333333333333333,0.04565681517124176,Working_Capital/Equity
12,0.8,0.04316610097885132,Working_Capital/Equity
13,0.8666666666666667,0.02770370803773403,Working_Capital/Equity
14,0.9333333333333333,0.013194801285862923,Working_Capital/Equity
0,0.0,0.036588117480278015,Current_Liabilities/Equity
1,0.06666666666666667,0.04273727536201477,Current_Liabilities/Equity
2,0.13333333333333333,0.04733476787805557,Current_Liabilities/Equity
3,0.2,0.04890916496515274,Current_Liabilities/Equity
4,0.26666666666666666,0.04742824658751488,Current_Liabilities/Equity
5,0.3333333333333333,0.04547181352972984,Current_Liabilities/Equity
6,0.4,0.04532519727945328,Current_Liabilities/Equity
7,0.4666666666666667,0.04551570862531662,Current_Liabilities/Equity
8,0.5333333333333333,0.04321226477622986,Current_Liabilities/Equity
9,0.6,0.037818677723407745,Current_Liabilities/Equity
10,0.6666666666666666,0.031085986644029617,Current_Liabilities/Equity
11,0.7333333333333333,0.024092094972729683,Current_Liabilities/Equity
12,0.8,0.019273832440376282,Current_Liabilities/Equity
13,0.8666666666666667,0.015374547801911831,Current_Liabilities/Equity
14,0.9333333333333333,0.012527253478765488,Current_Liabilities/Equity
0,0.0,0.04566218703985214,Long-term_Liability_to_Current_Assets
1,636000000.0,0.04362621530890465,Long-term_Liability_to_Current_Assets
2,1272000000.0,0.04121071472764015,Long-term_Liability_to_Current_Assets
3,1908000000.0,0.03838934004306793,Long-term_Liability_to_Current_Assets
4,2544000000.0,0.03626731038093567,Long-term_Liability_to_Current_Assets
5,3180000000.0,0.034283459186553955,Long-term_Liability_to_Current_Assets
6,3816000000.0,0.03188180550932884,Long-term_Liability_to_Current_Assets
7,4452000000.0,0.02869223803281784,Long-term_Liability_to_Current_Assets
8,5088000000.0,0.025359662249684334,Long-term_Liability_to_Current_Assets
9,5724000000.0,0.022591039538383484,Long-term_Liability_to_Current_Assets
10,6360000000.0,0.01938057318329811,Long-term_Liability_to_Current_Assets
11,6996000000.0,0.016703935340046883,Long-term_Liability_to_Current_Assets
12,7632000000.0,0.014488830231130123,Long-term_Liability_to_Current_Assets
13,8268000000.0,0.012669599615037441,Long-term_Liability_to_Current_Assets
14,8904000000.0,0.010266348719596863,Long-term_Liability_to_Current_Assets
0,0.0,0.0005688277306035161,Retained_Earnings_to_Total_Assets
1,0.06666666666666667,0.00084711704403162,Retained_Earnings_to_Total_Assets
2,0.13333333333333333,0.0011723204515874386,Retained_Earnings_to_Total_Assets
3,0.2,0.0013155359774827957,Retained_Earnings_to_Total_Assets
4,0.26666666666666666,0.0013349736109375954,Retained_Earnings_to_Total_Assets
5,0.3333333333333333,0.0016030732076615095,Retained_Earnings_to_Total_Assets
6,0.4,0.0022466694936156273,Retained_Earnings_to_Total_Assets
7,0.4666666666666667,0.002982752863317728,Retained_Earnings_to_Total_Assets
8,0.5333333333333333,0.004030949901789427,Retained_Earnings_to_Total_Assets
9,0.6,0.006442501675337553,Retained_Earnings_to_Total_Assets
10,0.6666666666666666,0.011121993884444237,Retained_Earnings_to_Total_Assets
11,0.7333333333333333,0.01885140873491764,Retained_Earnings_to_Total_Assets
12,0.8,0.03454294800758362,Retained_Earnings_to_Total_Assets
13,0.8666666666666667,0.0507032535970211,Retained_Earnings_to_Total_Assets
14,0.9333333333333333,0.04079894348978996,Retained_Earnings_to_Total_Assets
0,0.0,0.0154813127592206,Total_income/Total_expense
1,0.06666666666666667,0.0,Total_income/Total_expense
2,0.13333333333333333,0.0,Total_income/Total_expense
3,0.2,0.0,Total_income/Total_expense
4,0.26666666666666666,0.0,Total_income/Total_expense
5,0.3333333333333333,0.0,Total_income/Total_expense
6,0.4,0.0,Total_income/Total_expense
7,0.4666666666666667,0.0,Total_income/Total_expense
8,0.5333333333333333,0.0,Total_income/Total_expense
9,0.6,0.0,Total_income/Total_expense
10,0.6666666666666666,0.0,Total_income/Total_expense
11,0.7333333333333333,0.0,Total_income/Total_expense
12,0.8,0.0,Total_income/Total_expense
13,0.8666666666666667,0.0,Total_income/Total_expense
14,0.9333333333333333,0.0,Total_income/Total_expense
0,0.0,0.04561680927872658,Total_expense/Assets
1,0.06666666666666667,0.04399490728974342,Total_expense/Assets
2,0.13333333333333333,0.03507865220308304,Total_expense/Assets
3,0.2,0.023528851568698883,Total_expense/Assets
4,0.26666666666666666,0.014790697023272514,Total_expense/Assets
5,0.3333333333333333,0.009539849124848843,Total_expense/Assets
6,0.4,0.00658041937276721,Total_expense/Assets
7,0.4666666666666667,0.004588407929986715,Total_expense/Assets
8,0.5333333333333333,0.003318776609376073,Total_expense/Assets
9,0.6,0.0027037572581321,Total_expense/Assets
10,0.6666666666666666,0.0023247217759490013,Total_expense/Assets
11,0.7333333333333333,0.0015921449521556497,Total_expense/Assets
12,0.8,0.0005680593312717974,Total_expense/Assets
13,0.8666666666666667,0.000440795294707641,Total_expense/Assets
14,0.9333333333333333,0.00043996277963742614,Total_expense/Assets
0,0.0,0.04507298022508621,Current_Asset_Turnover_Rate
1,666666666.6666666,0.04563865810632706,Current_Asset_Turnover_Rate
2,1333333333.3333333,0.04607260227203369,Current_Asset_Turnover_Rate
3,2000000000.0,0.046371474862098694,Current_Asset_Turnover_Rate
4,2666666666.6666665,0.04655248671770096,Current_Asset_Turnover_Rate
5,3333333333.333333,0.046583715826272964,Current_Asset_Turnover_Rate
6,4000000000.0,0.046446751803159714,Current_Asset_Turnover_Rate
7,4666666666.666666,0.046151053160429,Current_Asset_Turnover_Rate
8,5333333333.333333,0.04570237547159195,Current_Asset_Turnover_Rate
9,6000000000.0,0.045125290751457214,Current_Asset_Turnover_Rate
10,6666666666.666666,0.04440290480852127,Current_Asset_Turnover_Rate
11,7333333333.333333,0.043554067611694336,Current_Asset_Turnover_Rate
12,8000000000.0,0.042580582201480865,Current_Asset_Turnover_Rate
13,8666666666.666666,0.04151030257344246,Current_Asset_Turnover_Rate
14,9333333333.333332,0.040361154824495316,Current_Asset_Turnover_Rate
15,10000000000.0,0.03916429355740547,Current_Asset_Turnover_Rate
0,0.0,0.04673859849572182,Quick_Asset_Turnover_Rate
1,666666666.6666666,0.04741058498620987,Quick_Asset_Turnover_Rate
2,1333333333.3333333,0.04780390113592148,Quick_Asset_Turnover_Rate
3,2000000000.0,0.047885555773973465,Quick_Asset_Turnover_Rate
4,2666666666.6666665,0.04770829528570175,Quick_Asset_Turnover_Rate
5,3333333333.333333,0.0473354272544384,Quick_Asset_Turnover_Rate
6,4000000000.0,0.04681124538183212,Quick_Asset_Turnover_Rate
7,4666666666.666666,0.04615311324596405,Quick_Asset_Turnover_Rate
8,5333333333.333333,0.0453893207013607,Quick_Asset_Turnover_Rate
9,6000000000.0,0.04449187219142914,Quick_Asset_Turnover_Rate
10,6666666666.666666,0.04338879510760307,Quick_Asset_Turnover_Rate
11,7333333333.333333,0.0420580729842186,Quick_Asset_Turnover_Rate
12,8000000000.0,0.04053134098649025,Quick_Asset_Turnover_Rate
13,8666666666.666666,0.03891853243112564,Quick_Asset_Turnover_Rate
14,9333333333.333332,0.037213634699583054,Quick_Asset_Turnover_Rate
15,10000000000.0,0.03541339561343193,Quick_Asset_Turnover_Rate
0,0.0,0.0,Working_capitcal_Turnover_Rate
1,0.06666666666666667,0.0,Working_capitcal_Turnover_Rate
2,0.13333333333333333,0.0,Working_capitcal_Turnover_Rate
3,0.2,0.0,Working_capitcal_Turnover_Rate
4,0.26666666666666666,0.0,Working_capitcal_Turnover_Rate
5,0.3333333333333333,0.0,Working_capitcal_Turnover_Rate
6,0.4,0.0,Working_capitcal_Turnover_Rate
7,0.4666666666666667,4.5652318036992767e-10,Working_capitcal_Turnover_Rate
8,0.5333333333333333,0.00029329812969081104,Working_capitcal_Turnover_Rate
9,0.6,0.0636405497789383,Working_capitcal_Turnover_Rate
10,0.6666666666666666,0.4365501403808594,Working_capitcal_Turnover_Rate
11,0.7333333333333333,0.7321467399597168,Working_capitcal_Turnover_Rate
12,0.8,0.8754676580429077,Working_capitcal_Turnover_Rate
13,0.8666666666666667,0.9438748955726624,Working_capitcal_Turnover_Rate
14,0.9333333333333333,0.9724056720733643,Working_capitcal_Turnover_Rate
0,0.0,0.049281347543001175,Cash_Turnover_Rate
1,666666666.6666666,0.04902920871973038,Cash_Turnover_Rate
2,1333333333.3333333,0.048238374292850494,Cash_Turnover_Rate
3,2000000000.0,0.046998269855976105,Cash_Turnover_Rate
4,2666666666.6666665,0.0453292652964592,Cash_Turnover_Rate
5,3333333333.333333,0.04341323673725128,Cash_Turnover_Rate
6,4000000000.0,0.041450731456279755,Cash_Turnover_Rate
7,4666666666.666666,0.03933216631412506,Cash_Turnover_Rate
8,5333333333.333333,0.03713272139430046,Cash_Turnover_Rate
9,6000000000.0,0.03493710234761238,Cash_Turnover_Rate
10,6666666666.666666,0.03278759494423866,Cash_Turnover_Rate
11,7333333333.333333,0.03061116859316826,Cash_Turnover_Rate
12,8000000000.0,0.02831258438527584,Cash_Turnover_Rate
13,8666666666.666666,0.026358233764767647,Cash_Turnover_Rate
14,9333333333.333332,0.0247401911765337,Cash_Turnover_Rate
15,10000000000.0,0.023172078654170036,Cash_Turnover_Rate
0,0.0,0.0001466490066377446,Cash_Flow_to_Sales
1,0.06666666666666667,0.00014664906484540552,Cash_Flow_to_Sales
2,0.13333333333333333,0.00029093370540067554,Cash_Flow_to_Sales
3,0.2,0.00029329812969081104,Cash_Flow_to_Sales
4,0.26666666666666666,0.00038985643186606467,Cash_Flow_to_Sales
5,0.3333333333333333,0.0005865934654138982,Cash_Flow_to_Sales
6,0.4,0.0006094839773140848,Cash_Flow_to_Sales
7,0.4666666666666667,0.002606624737381935,Cash_Flow_to_Sales
8,0.5333333333333333,0.0066446783021092415,Cash_Flow_to_Sales
9,0.6,0.02481168881058693,Cash_Flow_to_Sales
10,0.6666666666666666,0.04770902916789055,Cash_Flow_to_Sales
11,0.7333333333333333,0.0027322014793753624,Cash_Flow_to_Sales
12,0.8,0.0002932982170023024,Cash_Flow_to_Sales
13,0.8666666666666667,0.00014664906484540552,Cash_Flow_to_Sales
14,0.9333333333333333,0.0001466482353862375,Cash_Flow_to_Sales
0,0.0,0.045606065541505814,Fixed_Assets_to_Assets
1,554666666.6666666,0.04612644761800766,Fixed_Assets_to_Assets
2,1109333333.3333333,0.046954259276390076,Fixed_Assets_to_Assets
3,1664000000.0,0.04728799685835838,Fixed_Assets_to_Assets
4,2218666666.6666665,0.04622791334986687,Fixed_Assets_to_Assets
5,2773333333.333333,0.04283197969198227,Fixed_Assets_to_Assets
6,3328000000.0,0.039049357175827026,Fixed_Assets_to_Assets
7,3882666666.6666665,0.03518298640847206,Fixed_Assets_to_Assets
8,4437333333.333333,0.031591352075338364,Fixed_Assets_to_Assets
9,4992000000.0,0.02781263366341591,Fixed_Assets_to_Assets
10,5546666666.666666,0.0242617167532444,Fixed_Assets_to_Assets
11,6101333333.333333,0.02075199969112873,Fixed_Assets_to_Assets
12,6656000000.0,0.017779404297471046,Fixed_Assets_to_Assets
13,7210666666.666666,0.015463452786207199,Fixed_Assets_to_Assets
14,7765333333.333333,0.013029235415160656,Fixed_Assets_to_Assets
15,8319999999.999999,0.010934166610240936,Fixed_Assets_to_Assets
0,0.0,0.03369416669011116,Current_Liability_to_Liability
1,0.06666666666666667,0.03619422763586044,Current_Liability_to_Liability
2,0.13333333333333333,0.038666632026433945,Current_Liability_to_Liability
3,0.2,0.040983814746141434,Current_Liability_to_Liability
4,0.26666666666666666,0.04305855184793472,Current_Liability_to_Liability
5,0.3333333333333333,0.044765159487724304,Current_Liability_to_Liability
6,0.4,0.04614804685115814,Current_Liability_to_Liability
7,0.4666666666666667,0.04729112982749939,Current_Liability_to_Liability
8,0.5333333333333333,0.04822895675897598,Current_Liability_to_Liability
9,0.6,0.04901431128382683,Current_Liability_to_Liability
10,0.6666666666666666,0.04956582933664322,Current_Liability_to_Liability
11,0.7333333333333333,0.049797553569078445,Current_Liability_to_Liability
12,0.8,0.049782585352659225,Current_Liability_to_Liability
13,0.8666666666666667,0.049479302018880844,Current_Liability_to_Liability
14,0.9333333333333333,0.048853080719709396,Current_Liability_to_Liability
0,0.0,0.03032965399324894,Current_Liability_to_Equity
1,0.06666666666666667,0.03729136660695076,Current_Liability_to_Equity
2,0.13333333333333333,0.04310882091522217,Current_Liability_to_Equity
3,0.2,0.04633483290672302,Current_Liability_to_Equity
4,0.26666666666666666,0.04647594690322876,Current_Liability_to_Equity
5,0.3333333333333333,0.04551216959953308,Current_Liability_to_Equity
6,0.4,0.04603255167603493,Current_Liability_to_Equity
7,0.4666666666666667,0.0463656447827816,Current_Liability_to_Equity
8,0.5333333333333333,0.04398626089096069,Current_Liability_to_Equity
9,0.6,0.038474295288324356,Current_Liability_to_Equity
10,0.6666666666666666,0.031540870666503906,Current_Liability_to_Equity
11,0.7333333333333333,0.024847134947776794,Current_Liability_to_Equity
12,0.8,0.02010365016758442,Current_Liability_to_Equity
13,0.8666666666666667,0.016000911593437195,Current_Liability_to_Equity
14,0.9333333333333333,0.013445472344756126,Current_Liability_to_Equity
0,0.0,0.01201146375387907,Equity_to_Long-term_Liability
1,0.06666666666666667,0.029182814061641693,Equity_to_Long-term_Liability
2,0.13333333333333333,0.04984874278306961,Equity_to_Long-term_Liability
3,0.2,0.09159733355045319,Equity_to_Long-term_Liability
4,0.26666666666666666,0.16122181713581085,Equity_to_Long-term_Liability
5,0.3333333333333333,0.2501209080219269,Equity_to_Long-term_Liability
6,0.4,0.34953927993774414,Equity_to_Long-term_Liability
7,0.4666666666666667,0.4504314959049225,Equity_to_Long-term_Liability
8,0.5333333333333333,0.5400963425636292,Equity_to_Long-term_Liability
9,0.6,0.6184902787208557,Equity_to_Long-term_Liability
10,0.6666666666666666,0.6863256692886353,Equity_to_Long-term_Liability
11,0.7333333333333333,0.7418131232261658,Equity_to_Long-term_Liability
12,0.8,0.7825797200202942,Equity_to_Long-term_Liability
13,0.8666666666666667,0.8178533911705017,Equity_to_Long-term_Liability
14,0.9333333333333333,0.8456935286521912,Equity_to_Long-term_Liability
0,0.0,0.001933511346578598,Cash_Flow_to_Total_Assets
1,0.06666666666666667,0.0021150517277419567,Cash_Flow_to_Total_Assets
2,0.13333333333333333,0.0026576786767691374,Cash_Flow_to_Total_Assets
3,0.2,0.003965991083532572,Cash_Flow_to_Total_Assets
4,0.26666666666666666,0.006126387044787407,Cash_Flow_to_Total_Assets
5,0.3333333333333333,0.01053854264318943,Cash_Flow_to_Total_Assets
6,0.4,0.01710333675146103,Cash_Flow_to_Total_Assets
7,0.4666666666666667,0.025050776079297066,Cash_Flow_to_Total_Assets
8,0.5333333333333333,0.03685060888528824,Cash_Flow_to_Total_Assets
9,0.6,0.045218244194984436,Cash_Flow_to_Total_Assets
10,0.6666666666666666,0.04602847993373871,Cash_Flow_to_Total_Assets
11,0.7333333333333333,0.03393739461898804,Cash_Flow_to_Total_Assets
12,0.8,0.01935473084449768,Cash_Flow_to_Total_Assets
13,0.8666666666666667,0.011245433241128922,Cash_Flow_to_Total_Assets
14,0.9333333333333333,0.007739623077213764,Cash_Flow_to_Total_Assets
0,0.0,0.2756820321083069,Cash_Flow_to_Liability
1,0.06666666666666667,0.249993696808815,Cash_Flow_to_Liability
2,0.13333333333333333,0.22060330212116241,Cash_Flow_to_Liability
3,0.2,0.1862027645111084,Cash_Flow_to_Liability
4,0.26666666666666666,0.14788664877414703,Cash_Flow_to_Liability
5,0.3333333333333333,0.10699739307165146,Cash_Flow_to_Liability
6,0.4,0.06939589232206345,Cash_Flow_to_Liability
7,0.4666666666666667,0.042099740356206894,Cash_Flow_to_Liability
8,0.5333333333333333,0.017179837450385094,Cash_Flow_to_Liability
9,0.6,0.005028069019317627,Cash_Flow_to_Liability
10,0.6666666666666666,0.002226559678092599,Cash_Flow_to_Liability
11,0.7333333333333333,0.0006909338990226388,Cash_Flow_to_Liability
12,0.8,0.0003013409150298685,Cash_Flow_to_Liability
13,0.8666666666666667,0.0002932981587946415,Cash_Flow_to_Liability
14,0.9333333333333333,0.0001469153503421694,Cash_Flow_to_Liability
0,0.0,0.010677074082195759,CFO_to_Assets
1,0.06666666666666667,0.014597755856812,CFO_to_Assets
2,0.13333333333333333,0.019910845905542374,CFO_to_Assets
3,0.2,0.025860866531729698,CFO_to_Assets
4,0.26666666666666666,0.03277036175131798,CFO_to_Assets
5,0.3333333333333333,0.04021778702735901,CFO_to_Assets
6,0.4,0.04612259566783905,CFO_to_Assets
7,0.4666666666666667,0.048640456050634384,CFO_to_Assets
8,0.5333333333333333,0.04797729104757309,CFO_to_Assets
9,0.6,0.044981371611356735,CFO_to_Assets
10,0.6666666666666666,0.03974185138940811,CFO_to_Assets
11,0.7333333333333333,0.03268599882721901,CFO_to_Assets
12,0.8,0.02501003071665764,CFO_to_Assets
13,0.8666666666666667,0.018154317513108253,CFO_to_Assets
14,0.9333333333333333,0.01379094086587429,CFO_to_Assets
0,0.0,0.0024391505867242813,Cash_Flow_to_Equity
1,0.06666666666666667,0.0056924535892903805,Cash_Flow_to_Equity
2,0.13333333333333333,0.011112676933407784,Cash_Flow_to_Equity
3,0.2,0.022391801699995995,Cash_Flow_to_Equity
4,0.26666666666666666,0.04290347173810005,Cash_Flow_to_Equity
5,0.3333333333333333,0.04149366542696953,Cash_Flow_to_Equity
6,0.4,0.011406821198761463,Cash_Flow_to_Equity
7,0.4666666666666667,0.003843165235593915,Cash_Flow_to_Equity
8,0.5333333333333333,0.001589247607626021,Cash_Flow_to_Equity
9,0.6,0.0006965550128370523,Cash_Flow_to_Equity
10,0.6666666666666666,0.00029909302247688174,Cash_Flow_to_Equity
11,0.7333333333333333,0.00014666268543805927,Cash_Flow_to_Equity
12,0.8,0.00014664906484540552,Cash_Flow_to_Equity
13,0.8666666666666667,3.103038761764765e-05,Cash_Flow_to_Equity
14,0.9333333333333333,1.2219201673719256e-20,Cash_Flow_to_Equity
0,0.0,0.03593112900853157,Current_Liability_to_Current_Assets
1,0.06666666666666667,0.048317618668079376,Current_Liability_to_Current_Assets
2,0.13333333333333333,0.049449726939201355,Current_Liability_to_Current_Assets
3,0.2,0.04084457457065582,Current_Liability_to_Current_Assets
4,0.26666666666666666,0.02983410842716694,Current_Liability_to_Current_Assets
5,0.3333333333333333,0.01963987573981285,Current_Liability_to_Current_Assets
6,0.4,0.01328425481915474,Current_Liability_to_Current_Assets
7,0.4666666666666667,0.009900843724608421,Current_Liability_to_Current_Assets
8,0.5333333333333333,0.0078032673336565495,Current_Liability_to_Current_Assets
9,0.6,0.005751213990151882,Current_Liability_to_Current_Assets
10,0.6666666666666666,0.003945345524698496,Current_Liability_to_Current_Assets
11,0.7333333333333333,0.003523065010085702,Current_Liability_to_Current_Assets
12,0.8,0.003224784741178155,Current_Liability_to_Current_Assets
13,0.8666666666666667,0.002668370958417654,Current_Liability_to_Current_Assets
14,0.9333333333333333,0.00208767200820148,Current_Liability_to_Current_Assets
0,0.0,0.04565209522843361,Liability-Assets_Flag
1,1.0,0.007536816876381636,Liability-Assets_Flag
0,0.0,0.8736039400100708,Net_Income_to_Total_Assets
1,0.06666666666666667,0.8405709862709045,Net_Income_to_Total_Assets
2,0.13333333333333333,0.7989342212677002,Net_Income_to_Total_Assets
3,0.2,0.7414410710334778,Net_Income_to_Total_Assets
4,0.26666666666666666,0.6695736646652222,Net_Income_to_Total_Assets
5,0.3333333333333333,0.57515949010849,Net_Income_to_Total_Assets
6,0.4,0.4675796627998352,Net_Income_to_Total_Assets
7,0.4666666666666667,0.3543684482574463,Net_Income_to_Total_Assets
8,0.5333333333333333,0.24911387264728546,Net_Income_to_Total_Assets
9,0.6,0.16470967233181,Net_Income_to_Total_Assets
10,0.6666666666666666,0.1013435646891594,Net_Income_to_Total_Assets
11,0.7333333333333333,0.058745115995407104,Net_Income_to_Total_Assets
12,0.8,0.0367070771753788,Net_Income_to_Total_Assets
13,0.8666666666666667,0.020075321197509766,Net_Income_to_Total_Assets
14,0.9333333333333333,0.008339242078363895,Net_Income_to_Total_Assets
0,0.0,0.04561552777886391,Total_assets_to_GNP_price
1,654666666.6666666,0.038463957607746124,Total_assets_to_GNP_price
2,1309333333.3333333,0.03143360838294029,Total_assets_to_GNP_price
3,1964000000.0,0.025099823251366615,Total_assets_to_GNP_price
4,2618666666.6666665,0.01970422826707363,Total_assets_to_GNP_price
5,3273333333.333333,0.015378433279693127,Total_assets_to_GNP_price
6,3928000000.0,0.011752091348171234,Total_assets_to_GNP_price
7,4582666666.666666,0.009418577887117863,Total_assets_to_GNP_price
8,5237333333.333333,0.007274250965565443,Total_assets_to_GNP_price
9,5892000000.0,0.005463402718305588,Total_assets_to_GNP_price
10,6546666666.666666,0.004515244625508785,Total_assets_to_GNP_price
11,7201333333.333333,0.003523885738104582,Total_assets_to_GNP_price
12,7856000000.0,0.002650131471455097,Total_assets_to_GNP_price
13,8510666666.666666,0.002072165021672845,Total_assets_to_GNP_price
14,9165333333.333332,0.0018512083915993571,Total_assets_to_GNP_price
15,9820000000.0,0.001448565861210227,Total_assets_to_GNP_price
0,0.0,0.0,No-credit_Interval
1,0.06666666666666667,0.0,No-credit_Interval
2,0.13333333333333333,0.0,No-credit_Interval
3,0.2,0.0,No-credit_Interval
4,0.26666666666666666,1.2672682347947273e-10,No-credit_Interval
5,0.3333333333333333,0.00014664906484540552,No-credit_Interval
6,0.4,0.00014664906484540552,No-credit_Interval
7,0.4666666666666667,0.0004399472090881318,No-credit_Interval
8,0.5333333333333333,0.0022710354533046484,No-credit_Interval
9,0.6,0.03065781481564045,No-credit_Interval
10,0.6666666666666666,0.036615267395973206,No-credit_Interval
11,0.7333333333333333,0.008977559395134449,No-credit_Interval
12,0.8,0.002750614657998085,No-credit_Interval
13,0.8666666666666667,0.001235293224453926,No-credit_Interval
14,0.9333333333333333,0.0005918219103477895,No-credit_Interval
0,0.0,0.0007544044055975974,Gross_Profit_to_Sales
1,0.06666666666666667,0.001305995276197791,Gross_Profit_to_Sales
2,0.13333333333333333,0.001993407029658556,Gross_Profit_to_Sales
3,0.2,0.003236564574763179,Gross_Profit_to_Sales
4,0.26666666666666666,0.005130745470523834,Gross_Profit_to_Sales
5,0.3333333333333333,0.007756441365927458,Gross_Profit_to_Sales
6,0.4,0.013481910340487957,Gross_Profit_to_Sales
7,0.4666666666666667,0.023481784388422966,Gross_Profit_to_Sales
8,0.5333333333333333,0.03870542347431183,Gross_Profit_to_Sales
9,0.6,0.04569723829627037,Gross_Profit_to_Sales
10,0.6666666666666666,0.03332177922129631,Gross_Profit_to_Sales
11,0.7333333333333333,0.013649702072143555,Gross_Profit_to_Sales
12,0.8,0.005689844489097595,Gross_Profit_to_Sales
13,0.8666666666666667,0.002846695017069578,Gross_Profit_to_Sales
14,0.9333333333333333,0.0016899877227842808,Gross_Profit_to_Sales
0,0.0,0.0024158877786248922,Net_Income_to_Stockholder's_Equity
1,0.06666666666666667,0.002832685364410281,Net_Income_to_Stockholder's_Equity
2,0.13333333333333333,0.0036478617694228888,Net_Income_to_Stockholder's_Equity
3,0.2,0.00442173657938838,Net_Income_to_Stockholder's_Equity
4,0.26666666666666666,0.005521681159734726,Net_Income_to_Stockholder's_Equity
5,0.3333333333333333,0.0069176265969872475,Net_Income_to_Stockholder's_Equity
6,0.4,0.009369689971208572,Net_Income_to_Stockholder's_Equity
7,0.4666666666666667,0.012616319581866264,Net_Income_to_Stockholder's_Equity
8,0.5333333333333333,0.017077067866921425,Net_Income_to_Stockholder's_Equity
9,0.6,0.02190052904188633,Net_Income_to_Stockholder's_Equity
10,0.6666666666666666,0.027936916798353195,Net_Income_to_Stockholder's_Equity
11,0.7333333333333333,0.03511759638786316,Net_Income_to_Stockholder's_Equity
12,0.8,0.04214911162853241,Net_Income_to_Stockholder's_Equity
13,0.8666666666666667,0.048370830714702606,Net_Income_to_Stockholder's_Equity
14,0.9333333333333333,0.05644556134939194,Net_Income_to_Stockholder's_Equity
0,0.0,0.035737331956624985,Liability_to_Equity
1,0.06666666666666667,0.04315456748008728,Liability_to_Equity
2,0.13333333333333333,0.04711016267538071,Liability_to_Equity
3,0.2,0.04742443189024925,Liability_to_Equity
4,0.26666666666666666,0.04585542157292366,Liability_to_Equity
5,0.3333333333333333,0.04489241912961006,Liability_to_Equity
6,0.4,0.044442400336265564,Liability_to_Equity
7,0.4666666666666667,0.0432865209877491,Liability_to_Equity
8,0.5333333333333333,0.039706531912088394,Liability_to_Equity
9,0.6,0.0338645838201046,Liability_to_Equity
10,0.6666666666666666,0.029061870649456978,Liability_to_Equity
11,0.7333333333333333,0.024381253868341446,Liability_to_Equity
12,0.8,0.02043215185403824,Liability_to_Equity
13,0.8666666666666667,0.016125120222568512,Liability_to_Equity
14,0.9333333333333333,0.013074166141450405,Liability_to_Equity
0,0.0,0.011819700710475445,Degree_of_Financial_Leverage_(DFL)
1,0.06666666666666667,0.04356592521071434,Degree_of_Financial_Leverage_(DFL)
2,0.13333333333333333,0.011890471912920475,Degree_of_Financial_Leverage_(DFL)
3,0.2,0.0038161242846399546,Degree_of_Financial_Leverage_(DFL)
4,0.26666666666666666,0.0014620800502598286,Degree_of_Financial_Leverage_(DFL)
5,0.3333333333333333,0.0007567770662717521,Degree_of_Financial_Leverage_(DFL)
6,0.4,0.0004402099584694952,Degree_of_Financial_Leverage_(DFL)
7,0.4666666666666667,0.0003008640487678349,Degree_of_Financial_Leverage_(DFL)
8,0.5333333333333333,0.0001466494722990319,Degree_of_Financial_Leverage_(DFL)
9,0.6,0.00014664906484540552,Degree_of_Financial_Leverage_(DFL)
10,0.6666666666666666,0.00014664906484540552,Degree_of_Financial_Leverage_(DFL)
11,0.7333333333333333,1.9706506648731192e-08,Degree_of_Financial_Leverage_(DFL)
12,0.8,1.587009607598831e-27,Degree_of_Financial_Leverage_(DFL)
13,0.8666666666666667,0.0,Degree_of_Financial_Leverage_(DFL)
14,0.9333333333333333,0.0,Degree_of_Financial_Leverage_(DFL)
0,0.0,0.00014664906484540552,Interest_Coverage_Ratio_(Interest_expense_to_EBIT)
1,0.06666666666666667,0.00014664906484540552,Interest_Coverage_Ratio_(Interest_expense_to_EBIT)
2,0.13333333333333333,0.00014664906484540552,Interest_Coverage_Ratio_(Interest_expense_to_EBIT)
3,0.2,0.0001466659887228161,Interest_Coverage_Ratio_(Interest_expense_to_EBIT)
4,0.26666666666666666,0.00043994723819196224,Interest_Coverage_Ratio_(Interest_expense_to_EBIT)
5,0.3333333333333333,0.0007700092974118888,Interest_Coverage_Ratio_(Interest_expense_to_EBIT)
6,0.4,0.0030042524449527264,Interest_Coverage_Ratio_(Interest_expense_to_EBIT)
7,0.4666666666666667,0.009742027148604393,Interest_Coverage_Ratio_(Interest_expense_to_EBIT)
8,0.5333333333333333,0.037660885602235794,Interest_Coverage_Ratio_(Interest_expense_to_EBIT)
9,0.6,0.017736848443746567,Interest_Coverage_Ratio_(Interest_expense_to_EBIT)
10,0.6666666666666666,0.0019452259875833988,Interest_Coverage_Ratio_(Interest_expense_to_EBIT)
11,0.7333333333333333,0.0004400689504109323,Interest_Coverage_Ratio_(Interest_expense_to_EBIT)
12,0.8,0.00014664906484540552,Interest_Coverage_Ratio_(Interest_expense_to_EBIT)
13,0.8666666666666667,0.00014664906484540552,Interest_Coverage_Ratio_(Interest_expense_to_EBIT)
14,0.9333333333333333,3.540922000055957e-09,Interest_Coverage_Ratio_(Interest_expense_to_EBIT)
0,0.0,0.048292458057403564,Equity_to_Liability
1,0.06666666666666667,0.04162143915891647,Equity_to_Liability
2,0.13333333333333333,0.03304178640246391,Equity_to_Liability
3,0.2,0.023937305435538292,Equity_to_Liability
4,0.26666666666666666,0.016865067183971405,Equity_to_Liability
5,0.3333333333333333,0.011651048436760902,Equity_to_Liability
6,0.4,0.008346734568476677,Equity_to_Liability
7,0.4666666666666667,0.005956784822046757,Equity_to_Liability
8,0.5333333333333333,0.004856486804783344,Equity_to_Liability
9,0.6,0.004091247916221619,Equity_to_Liability
10,0.6666666666666666,0.003255374263972044,Equity_to_Liability
11,0.7333333333333333,0.002617832273244858,Equity_to_Liability
12,0.8,0.0019117167685180902,Equity_to_Liability
13,0.8666666666666667,0.0016055305022746325,Equity_to_Liability
14,0.9333333333333333,0.0012000391725450754,Equity_to_Liability
